sql_id,child,inst_id,schema,kind,rc,elapsed_ms,rows_or_updatecount,error_class,ts
bwu82wrzdwrzw,0,1,HTZ,query,0,2,1,,2026-08-04T08:45:25
9btc6b2hypw6a,0,1,HTZ,query,0,2,1,,2026-08-04T08:45:25
9btc6b2hypw6a,0,1,HTZ,query,0,2,1,,2026-08-04T08:45:25
9btc6b2hypw6a,0,1,HTZ,query,0,2,1,,2026-08-04T08:45:25
9btc6b2hypw6a,0,1,HTZ,query,0,1,1,,2026-08-04T08:45:25
58fpkr725q7rp,0,1,HTZ,dml,1,0,,blocked,2026-08-04T08:45:25
58fpkr725q7rp,0,1,HTZ,dml,0,3,1,,2026-08-04T08:45:25
9btc6b2hypw6a,0,1,HTZ,query,0,0,dry,,2026-08-04T08:45:25
bwu82wrzdwrzw,0,1,HTZ,query,0,1,dry,,2026-08-04T08:45:25
9btc6b2hypw6a,0,1,HTZ,query,0,2,1,,2026-08-04T08:45:26
58fpkr725q7rp,0,1,HTZ,dml,1,0,,blocked,2026-08-04T08:45:26
58fpkr725q7rp,0,1,HTZ,dml,0,4,1,,2026-08-04T08:45:26
00g88gb47bcz6,0,1,HTZ,query,0,1,dry,,2026-08-04T08:45:26
04vfkrajpkrnj,0,1,HTZ,query,0,1,dry,,2026-08-04T08:45:26
087wp5amfwh1n,0,1,HTZ,query,0,1,dry,,2026-08-04T08:45:26
0934v7nwr5ux5,0,1,HTZ,query,0,1,dry,,2026-08-04T08:45:26
0970bxxhucvb5,0,1,HTZ,query,0,1,dry,,2026-08-04T08:45:26
58fpkr725q7rp,0,1,HTZ,dml,0,0,dry,blocked_dry,2026-08-04T08:45:26
9btc6b2hypw6a,0,1,HTZ,query,0,1,dry,,2026-08-04T08:45:26
bwu82wrzdwrzw,0,1,HTZ,query,0,0,dry,,2026-08-04T08:45:26
9btc6b2hypw6a,0,1,HTZ,query,0,2,1,,2026-08-04T08:45:27
8j2wvuh066drs,0,1,HTZ,query,0,8,1,,2026-08-04T08:45:32
8z035ha5nvt74,0,1,SCMAP1,query,0,2,1,,2026-08-04T08:45:35
f00nc27v11f3d,0,1,SCMAP2,query,0,2,1,,2026-08-04T08:45:35
6ckjzurd71jx4,0,1,SCMAP3,query,0,1,1,,2026-08-04T08:45:35
9btc6b2hypw6a,0,1,HTZ,query,0,0,dry,,2026-08-04T08:45:35
9btc6b2hypw6a,0,1,HTZ,query,0,0,dry,,2026-08-04T08:45:36
9btc6b2hypw6a,0,1,HTZ,query,0,1,dry,,2026-08-04T08:45:36
9btc6b2hypw6a,0,1,HTZ,query,0,2,1,,2026-08-04T08:51:40
bwu82wrzdwrzw,0,1,HTZ,query,0,1,1,,2026-08-04T08:51:40
9btc6b2hypw6a,0,1,HTZ,query,0,2,1,,2026-08-04T08:51:41
9btc6b2hypw6a,0,1,HTZ,query,0,2,1,,2026-08-04T08:51:41
9btc6b2hypw6a,0,1,HTZ,query,0,2,1,,2026-08-04T08:51:41
58fpkr725q7rp,0,1,HTZ,dml,1,0,,blocked,2026-08-04T08:51:41
58fpkr725q7rp,0,1,HTZ,dml,0,3,1,,2026-08-04T08:51:41
9btc6b2hypw6a,0,1,HTZ,query,0,0,dry,,2026-08-04T08:51:41
bwu82wrzdwrzw,0,1,HTZ,query,0,0,dry,,2026-08-04T08:51:41
9btc6b2hypw6a,0,1,HTZ,query,0,2,1,,2026-08-04T08:51:42
58fpkr725q7rp,0,1,HTZ,dml,1,1,,blocked,2026-08-04T08:51:42
58fpkr725q7rp,0,1,HTZ,dml,0,4,1,,2026-08-04T08:51:42
00g88gb47bcz6,0,1,HTZ,query,0,1,dry,,2026-08-04T08:51:42
04vfkrajpkrnj,0,1,HTZ,query,0,1,dry,,2026-08-04T08:51:42
087wp5amfwh1n,0,1,HTZ,query,0,0,dry,,2026-08-04T08:51:42
0934v7nwr5ux5,0,1,HTZ,query,0,1,dry,,2026-08-04T08:51:42
0970bxxhucvb5,0,1,HTZ,query,0,1,dry,,2026-08-04T08:51:42
58fpkr725q7rp,0,1,HTZ,dml,0,1,dry,blocked_dry,2026-08-04T08:51:42
9btc6b2hypw6a,0,1,HTZ,query,0,1,dry,,2026-08-04T08:51:42
bwu82wrzdwrzw,0,1,HTZ,query,0,1,dry,,2026-08-04T08:51:42
9btc6b2hypw6a,0,1,HTZ,query,0,2,1,,2026-08-04T08:51:43
8j2wvuh066drs,0,1,HTZ,query,0,9,1,,2026-08-04T08:51:48
f00nc27v11f3d,0,1,SCMAP2,query,0,2,1,,2026-08-04T08:51:51
8z035ha5nvt74,0,1,SCMAP1,query,0,3,1,,2026-08-04T08:51:51
6ckjzurd71jx4,0,1,SCMAP3,query,0,2,1,,2026-08-04T08:51:51
9btc6b2hypw6a,0,1,HTZ,query,0,1,dry,,2026-08-04T08:51:52
9btc6b2hypw6a,0,1,HTZ,query,0,0,dry,,2026-08-04T08:51:53
9btc6b2hypw6a,0,1,HTZ,query,0,1,dry,,2026-08-04T08:51:53
bwu82wrzdwrzw,0,1,HTZ,query,0,2,1,,2026-08-04T08:55:57
9btc6b2hypw6a,0,1,HTZ,query,0,1,1,,2026-08-04T08:55:57
9btc6b2hypw6a,0,1,HTZ,query,0,2,1,,2026-08-04T08:55:57
9btc6b2hypw6a,0,1,HTZ,query,0,1,1,,2026-08-04T08:55:57
9btc6b2hypw6a,0,1,HTZ,query,0,2,1,,2026-08-04T08:55:57
58fpkr725q7rp,0,1,HTZ,dml,1,1,,blocked,2026-08-04T08:55:57
58fpkr725q7rp,0,1,HTZ,dml,0,4,1,,2026-08-04T08:55:58
9btc6b2hypw6a,0,1,HTZ,query,0,0,dry,,2026-08-04T08:55:58
bwu82wrzdwrzw,0,1,HTZ,query,0,0,dry,,2026-08-04T08:55:58
9btc6b2hypw6a,0,1,HTZ,query,0,2,1,,2026-08-04T08:55:58
58fpkr725q7rp,0,1,HTZ,dml,1,0,,blocked,2026-08-04T08:55:58
58fpkr725q7rp,0,1,HTZ,dml,0,3,1,,2026-08-04T08:55:59
00g88gb47bcz6,0,1,HTZ,query,0,1,dry,,2026-08-04T08:55:59
04vfkrajpkrnj,0,1,HTZ,query,0,0,dry,,2026-08-04T08:55:59
087wp5amfwh1n,0,1,HTZ,query,0,1,dry,,2026-08-04T08:55:59
0934v7nwr5ux5,0,1,HTZ,query,0,0,dry,,2026-08-04T08:55:59
0970bxxhucvb5,0,1,HTZ,query,0,0,dry,,2026-08-04T08:55:59
58fpkr725q7rp,0,1,HTZ,dml,0,0,dry,blocked_dry,2026-08-04T08:55:59
9btc6b2hypw6a,0,1,HTZ,query,0,0,dry,,2026-08-04T08:55:59
bwu82wrzdwrzw,0,1,HTZ,query,0,0,dry,,2026-08-04T08:55:59
9btc6b2hypw6a,0,1,HTZ,query,0,2,1,,2026-08-04T08:55:59
8j2wvuh066drs,0,1,HTZ,query,0,9,1,,2026-08-04T08:56:05
8z035ha5nvt74,0,1,SCMAP1,query,0,2,1,,2026-08-04T08:56:08
f00nc27v11f3d,0,1,SCMAP2,query,0,2,1,,2026-08-04T08:56:08
6ckjzurd71jx4,0,1,SCMAP3,query,0,2,1,,2026-08-04T08:56:08
9btc6b2hypw6a,0,1,HTZ,query,0,0,dry,,2026-08-04T08:56:09
9btc6b2hypw6a,0,1,HTZ,query,0,0,dry,,2026-08-04T08:56:10
9btc6b2hypw6a,0,1,HTZ,query,0,0,dry,,2026-08-04T08:56:10
9btc6b2hypw6a,0,1,HTZ,query,0,1,dry,,2026-08-04T08:56:22
9btc6b2hypw6a,0,1,HTZ,query,0,0,dry,,2026-08-04T08:56:23
9btc6b2hypw6a,0,1,HTZ,query,0,1,dry,,2026-08-04T08:56:23
9btc6b2hypw6a,0,1,HTZ,query,0,0,dry,,2026-08-04T08:56:23
9btc6b2hypw6a,0,1,HTZ,query,0,0,dry,,2026-08-04T08:56:24
00g88gb47bcz6,0,1,HTZ,query,0,1,dry,,2026-08-04T08:56:24
04vfkrajpkrnj,0,1,HTZ,query,0,1,dry,,2026-08-04T08:56:24
087wp5amfwh1n,0,1,HTZ,query,0,1,dry,,2026-08-04T08:56:24
0934v7nwr5ux5,0,1,HTZ,query,0,0,dry,,2026-08-04T08:56:24
0970bxxhucvb5,0,1,HTZ,query,0,0,dry,,2026-08-04T08:56:24
58fpkr725q7rp,0,1,HTZ,dml,0,0,dry,blocked_dry,2026-08-04T08:56:24
9btc6b2hypw6a,0,1,HTZ,query,0,0,dry,,2026-08-04T08:56:24
bwu82wrzdwrzw,0,1,HTZ,query,0,0,dry,,2026-08-04T08:56:24
bwu82wrzdwrzw,0,1,HTZ,query,0,2,1,,2026-08-04T08:56:25
bwu82wrzdwrzw,0,1,HTZ,query,0,3,1,,2026-08-04T08:56:25
9btc6b2hypw6a,0,1,HTZ,query,0,1,1,,2026-08-04T08:56:25
9btc6b2hypw6a,0,1,HTZ,query,0,2,1,,2026-08-04T08:56:25
9btc6b2hypw6a,0,1,HTZ,query,0,3,1,,2026-08-04T08:56:27
buq5yp6tubnf8,0,1,HTZ,query,0,2,0,,2026-08-04T09:01:55
buq5yp6tubnf8,0,1,HTZ,query,0,2,1,,2026-08-04T09:01:55
buq5yp6tubnf8,0,1,HTZ,query,0,2,0,,2026-08-04T09:02:03
buq5yp6tubnf8,0,1,HTZ,query,0,2,1,,2026-08-04T09:02:03
9btc6b2hypw6a,0,1,HTZ,query,0,2,1,,2026-08-04T09:12:46
bwu82wrzdwrzw,0,1,HTZ,query,0,1,1,,2026-08-04T09:12:46
9btc6b2hypw6a,0,1,HTZ,query,0,2,1,,2026-08-04T09:12:46
9btc6b2hypw6a,0,1,HTZ,query,0,1,1,,2026-08-04T09:12:46
9btc6b2hypw6a,0,1,HTZ,query,0,1,1,,2026-08-04T09:12:47
58fpkr725q7rp,0,1,HTZ,dml,1,1,,blocked,2026-08-04T09:12:47
58fpkr725q7rp,0,1,HTZ,dml,0,4,1,,2026-08-04T09:12:47
9btc6b2hypw6a,0,1,HTZ,query,0,1,dry,,2026-08-04T09:12:47
bwu82wrzdwrzw,0,1,HTZ,query,0,1,dry,,2026-08-04T09:12:47
9btc6b2hypw6a,0,1,HTZ,query,0,2,1,,2026-08-04T09:12:47
58fpkr725q7rp,0,1,HTZ,dml,1,0,,blocked,2026-08-04T09:12:48
58fpkr725q7rp,0,1,HTZ,dml,0,3,1,,2026-08-04T09:12:48
00g88gb47bcz6,0,1,HTZ,query,0,1,dry,,2026-08-04T09:12:48
04vfkrajpkrnj,0,1,HTZ,query,0,1,dry,,2026-08-04T09:12:48
087wp5amfwh1n,0,1,HTZ,query,0,1,dry,,2026-08-04T09:12:48
0934v7nwr5ux5,0,1,HTZ,query,0,1,dry,,2026-08-04T09:12:48
0970bxxhucvb5,0,1,HTZ,query,0,0,dry,,2026-08-04T09:12:48
58fpkr725q7rp,0,1,HTZ,dml,0,1,dry,blocked_dry,2026-08-04T09:12:48
9btc6b2hypw6a,0,1,HTZ,query,0,0,dry,,2026-08-04T09:12:48
buq5yp6tubnf8,0,1,HTZ,query,0,0,dry,,2026-08-04T09:12:48
bwu82wrzdwrzw,0,1,HTZ,query,0,0,dry,,2026-08-04T09:12:48
9btc6b2hypw6a,0,1,HTZ,query,0,2,1,,2026-08-04T09:12:49
8j2wvuh066drs,0,1,HTZ,query,0,11,1,,2026-08-04T09:12:54
f00nc27v11f3d,0,1,SCMAP2,query,0,2,1,,2026-08-04T09:12:58
8z035ha5nvt74,0,1,SCMAP1,query,0,1,1,,2026-08-04T09:12:58
6ckjzurd71jx4,0,1,SCMAP3,query,0,2,1,,2026-08-04T09:12:58
9btc6b2hypw6a,0,1,HTZ,query,0,1,dry,,2026-08-04T09:12:58
9btc6b2hypw6a,0,1,HTZ,query,0,0,dry,,2026-08-04T09:12:59
9btc6b2hypw6a,0,1,HTZ,query,0,0,dry,,2026-08-04T09:12:59
9btc6b2hypw6a,0,1,HTZ,query,0,0,dry,,2026-08-04T09:13:12
9btc6b2hypw6a,0,1,HTZ,query,0,0,dry,,2026-08-04T09:13:12
9btc6b2hypw6a,0,1,HTZ,query,0,1,dry,,2026-08-04T09:13:13
9btc6b2hypw6a,0,1,HTZ,query,0,0,dry,,2026-08-04T09:13:13
9btc6b2hypw6a,0,1,HTZ,query,0,0,dry,,2026-08-04T09:13:13
9btc6b2hypw6a,0,1,HTZ,query,0,1,dry,,2026-08-04T09:13:14
00g88gb47bcz6,0,1,HTZ,query,0,0,dry,,2026-08-04T09:13:14
04vfkrajpkrnj,0,1,HTZ,query,0,0,dry,,2026-08-04T09:13:14
087wp5amfwh1n,0,1,HTZ,query,0,1,dry,,2026-08-04T09:13:14
0934v7nwr5ux5,0,1,HTZ,query,0,1,dry,,2026-08-04T09:13:14
0970bxxhucvb5,0,1,HTZ,query,0,0,dry,,2026-08-04T09:13:14
58fpkr725q7rp,0,1,HTZ,dml,0,1,dry,blocked_dry,2026-08-04T09:13:14
9btc6b2hypw6a,0,1,HTZ,query,0,0,dry,,2026-08-04T09:13:14
buq5yp6tubnf8,0,1,HTZ,query,0,0,dry,,2026-08-04T09:13:14
bwu82wrzdwrzw,0,1,HTZ,query,0,0,dry,,2026-08-04T09:13:14
9btc6b2hypw6a,0,1,HTZ,query,0,2,1,,2026-08-04T09:13:15
9btc6b2hypw6a,0,1,HTZ,query,0,2,1,,2026-08-04T09:13:15
bwu82wrzdwrzw,0,1,HTZ,query,0,2,1,,2026-08-04T09:13:15
bwu82wrzdwrzw,0,1,HTZ,query,0,1,1,,2026-08-04T09:13:15
9btc6b2hypw6a,0,1,HTZ,query,0,2,1,,2026-08-04T09:13:17
bwu82wrzdwrzw,0,1,HTZ,query,0,2,1,,2026-08-04T09:19:07
9btc6b2hypw6a,0,1,HTZ,query,0,1,1,,2026-08-04T09:19:07
9btc6b2hypw6a,0,1,HTZ,query,0,1,1,,2026-08-04T09:19:07
9btc6b2hypw6a,0,1,HTZ,query,0,2,1,,2026-08-04T09:19:07
9btc6b2hypw6a,0,1,HTZ,query,0,2,1,,2026-08-04T09:19:07
58fpkr725q7rp,0,1,HTZ,dml,1,0,,blocked,2026-08-04T09:19:07
58fpkr725q7rp,0,1,HTZ,dml,0,3,1,,2026-08-04T09:19:07
9btc6b2hypw6a,0,1,HTZ,query,0,0,dry,,2026-08-04T09:19:08
bwu82wrzdwrzw,0,1,HTZ,query,0,0,dry,,2026-08-04T09:19:08
9btc6b2hypw6a,0,1,HTZ,query,0,2,1,,2026-08-04T09:19:08
58fpkr725q7rp,0,1,HTZ,dml,1,1,,blocked,2026-08-04T09:19:08
58fpkr725q7rp,0,1,HTZ,dml,0,4,1,,2026-08-04T09:19:08
00g88gb47bcz6,0,1,HTZ,query,0,0,dry,,2026-08-04T09:19:09
04vfkrajpkrnj,0,1,HTZ,query,0,0,dry,,2026-08-04T09:19:09
087wp5amfwh1n,0,1,HTZ,query,0,0,dry,,2026-08-04T09:19:09
0934v7nwr5ux5,0,1,HTZ,query,0,0,dry,,2026-08-04T09:19:09
0970bxxhucvb5,0,1,HTZ,query,0,1,dry,,2026-08-04T09:19:09
58fpkr725q7rp,0,1,HTZ,dml,0,0,dry,blocked_dry,2026-08-04T09:19:09
9btc6b2hypw6a,0,1,HTZ,query,0,0,dry,,2026-08-04T09:19:09
buq5yp6tubnf8,0,1,HTZ,query,0,0,dry,,2026-08-04T09:19:09
bwu82wrzdwrzw,0,1,HTZ,query,0,0,dry,,2026-08-04T09:19:09
9btc6b2hypw6a,0,1,HTZ,query,0,2,1,,2026-08-04T09:19:09
8j2wvuh066drs,0,1,HTZ,query,0,8,1,,2026-08-04T09:19:14
8z035ha5nvt74,0,1,SCMAP1,query,0,3,1,,2026-08-04T09:19:18
f00nc27v11f3d,0,1,SCMAP2,query,0,2,1,,2026-08-04T09:19:18
6ckjzurd71jx4,0,1,SCMAP3,query,0,2,1,,2026-08-04T09:19:18
9btc6b2hypw6a,0,1,HTZ,query,0,0,dry,,2026-08-04T09:19:18
9btc6b2hypw6a,0,1,HTZ,query,0,0,dry,,2026-08-04T09:19:19
9btc6b2hypw6a,0,1,HTZ,query,0,0,dry,,2026-08-04T09:19:19
9btc6b2hypw6a,0,1,HTZ,query,0,1,dry,,2026-08-04T09:19:33
9btc6b2hypw6a,0,1,HTZ,query,0,0,dry,,2026-08-04T09:19:33
9btc6b2hypw6a,0,1,HTZ,query,0,1,dry,,2026-08-04T09:19:33
9btc6b2hypw6a,0,1,HTZ,query,0,1,dry,,2026-08-04T09:19:34
9btc6b2hypw6a,0,1,HTZ,query,0,1,dry,,2026-08-04T09:19:34
9btc6b2hypw6a,0,1,HTZ,query,0,0,dry,,2026-08-04T09:19:34
00g88gb47bcz6,0,1,HTZ,query,0,0,dry,,2026-08-04T09:19:35
04vfkrajpkrnj,0,1,HTZ,query,0,1,dry,,2026-08-04T09:19:35
087wp5amfwh1n,0,1,HTZ,query,0,0,dry,,2026-08-04T09:19:35
0934v7nwr5ux5,0,1,HTZ,query,0,1,dry,,2026-08-04T09:19:35
0970bxxhucvb5,0,1,HTZ,query,0,0,dry,,2026-08-04T09:19:35
58fpkr725q7rp,0,1,HTZ,dml,0,1,dry,blocked_dry,2026-08-04T09:19:35
9btc6b2hypw6a,0,1,HTZ,query,0,0,dry,,2026-08-04T09:19:35
buq5yp6tubnf8,0,1,HTZ,query,0,0,dry,,2026-08-04T09:19:35
bwu82wrzdwrzw,0,1,HTZ,query,0,0,dry,,2026-08-04T09:19:35
9btc6b2hypw6a,0,1,HTZ,query,0,2,1,,2026-08-04T09:19:36
bwu82wrzdwrzw,0,1,HTZ,query,0,2,1,,2026-08-04T09:19:36
9btc6b2hypw6a,0,1,HTZ,query,0,2,1,,2026-08-04T09:19:36
bwu82wrzdwrzw,0,1,HTZ,query,0,1,1,,2026-08-04T09:19:36
9btc6b2hypw6a,0,1,HTZ,query,0,2,1,,2026-08-04T09:19:38
9btc6b2hypw6a,0,1,HTZ,query,0,2,1,,2026-08-04T09:26:02
bwu82wrzdwrzw,0,1,HTZ,query,0,2,1,,2026-08-04T09:26:02
9btc6b2hypw6a,0,1,HTZ,query,0,2,1,,2026-08-04T09:26:02
9btc6b2hypw6a,0,1,HTZ,query,0,2,1,,2026-08-04T09:26:02
9btc6b2hypw6a,0,1,HTZ,query,0,2,1,,2026-08-04T09:26:03
58fpkr725q7rp,0,1,HTZ,dml,1,1,,blocked,2026-08-04T09:26:03
58fpkr725q7rp,0,1,HTZ,dml,0,3,1,,2026-08-04T09:26:03
9btc6b2hypw6a,0,1,HTZ,query,0,0,dry,,2026-08-04T09:26:03
bwu82wrzdwrzw,0,1,HTZ,query,0,0,dry,,2026-08-04T09:26:03
9btc6b2hypw6a,0,1,HTZ,query,0,2,1,,2026-08-04T09:26:03
58fpkr725q7rp,0,1,HTZ,dml,1,0,,blocked,2026-08-04T09:26:04
58fpkr725q7rp,0,1,HTZ,dml,0,3,1,,2026-08-04T09:26:04
00g88gb47bcz6,0,1,HTZ,query,0,0,dry,,2026-08-04T09:26:04
04vfkrajpkrnj,0,1,HTZ,query,0,0,dry,,2026-08-04T09:26:04
087wp5amfwh1n,0,1,HTZ,query,0,0,dry,,2026-08-04T09:26:04
0934v7nwr5ux5,0,1,HTZ,query,0,0,dry,,2026-08-04T09:26:04
0970bxxhucvb5,0,1,HTZ,query,0,1,dry,,2026-08-04T09:26:04
58fpkr725q7rp,0,1,HTZ,dml,0,1,dry,blocked_dry,2026-08-04T09:26:04
9btc6b2hypw6a,0,1,HTZ,query,0,0,dry,,2026-08-04T09:26:04
buq5yp6tubnf8,0,1,HTZ,query,0,0,dry,,2026-08-04T09:26:04
bwu82wrzdwrzw,0,1,HTZ,query,0,1,dry,,2026-08-04T09:26:04
9btc6b2hypw6a,0,1,HTZ,query,0,3,1,,2026-08-04T09:26:05
8j2wvuh066drs,0,1,HTZ,query,0,9,1,,2026-08-04T09:26:10
8z035ha5nvt74,0,1,SCMAP1,query,0,2,1,,2026-08-04T09:26:13
6ckjzurd71jx4,0,1,SCMAP3,query,0,2,1,,2026-08-04T09:26:13
f00nc27v11f3d,0,1,SCMAP2,query,0,2,1,,2026-08-04T09:26:13
9btc6b2hypw6a,0,1,HTZ,query,0,0,dry,,2026-08-04T09:26:14
9btc6b2hypw6a,0,1,HTZ,query,0,1,dry,,2026-08-04T09:26:14
9btc6b2hypw6a,0,1,HTZ,query,0,1,dry,,2026-08-04T09:26:15
9btc6b2hypw6a,0,1,HTZ,query,0,0,dry,,2026-08-04T09:26:15
9btc6b2hypw6a,0,1,HTZ,query,0,0,dry,,2026-08-04T09:26:29
9btc6b2hypw6a,0,1,HTZ,query,0,0,dry,,2026-08-04T09:26:29
9btc6b2hypw6a,0,1,HTZ,query,0,1,dry,,2026-08-04T09:26:29
9btc6b2hypw6a,0,1,HTZ,query,0,1,dry,,2026-08-04T09:26:30
9btc6b2hypw6a,0,1,HTZ,query,0,0,dry,,2026-08-04T09:26:30
9btc6b2hypw6a,0,1,HTZ,query,0,0,dry,,2026-08-04T09:26:30
00g88gb47bcz6,0,1,HTZ,query,0,1,dry,,2026-08-04T09:26:31
04vfkrajpkrnj,0,1,HTZ,query,0,0,dry,,2026-08-04T09:26:31
087wp5amfwh1n,0,1,HTZ,query,0,1,dry,,2026-08-04T09:26:31
0934v7nwr5ux5,0,1,HTZ,query,0,1,dry,,2026-08-04T09:26:31
0970bxxhucvb5,0,1,HTZ,query,0,0,dry,,2026-08-04T09:26:31
58fpkr725q7rp,0,1,HTZ,dml,0,1,dry,blocked_dry,2026-08-04T09:26:31
9btc6b2hypw6a,0,1,HTZ,query,0,1,dry,,2026-08-04T09:26:31
buq5yp6tubnf8,0,1,HTZ,query,0,0,dry,,2026-08-04T09:26:31
bwu82wrzdwrzw,0,1,HTZ,query,0,0,dry,,2026-08-04T09:26:31
bwu82wrzdwrzw,0,1,HTZ,query,0,2,1,,2026-08-04T09:26:32
9btc6b2hypw6a,0,1,HTZ,query,0,2,1,,2026-08-04T09:26:32
9btc6b2hypw6a,0,1,HTZ,query,0,2,1,,2026-08-04T09:26:32
bwu82wrzdwrzw,0,1,HTZ,query,0,2,1,,2026-08-04T09:26:32
9btc6b2hypw6a,0,1,HTZ,query,0,2,1,,2026-08-04T09:26:34
9btc6b2hypw6a,0,1,HTZ,query,0,1,1,,2026-08-04T10:28:57
bwu82wrzdwrzw,0,1,HTZ,query,0,2,1,,2026-08-04T10:28:57
9btc6b2hypw6a,0,1,HTZ,query,0,2,1,,2026-08-04T10:28:58
9btc6b2hypw6a,0,1,HTZ,query,0,1,1,,2026-08-04T10:28:58
9btc6b2hypw6a,0,1,HTZ,query,0,2,1,,2026-08-04T10:28:58
58fpkr725q7rp,0,1,HTZ,dml,1,1,,blocked,2026-08-04T10:28:58
58fpkr725q7rp,0,1,HTZ,dml,0,3,1,,2026-08-04T10:28:58
9btc6b2hypw6a,0,1,HTZ,query,0,0,dry,,2026-08-04T10:28:58
bwu82wrzdwrzw,0,1,HTZ,query,0,0,dry,,2026-08-04T10:28:58
9btc6b2hypw6a,0,1,HTZ,query,0,2,1,,2026-08-04T10:28:59
58fpkr725q7rp,0,1,HTZ,dml,1,1,,blocked,2026-08-04T10:28:59
58fpkr725q7rp,0,1,HTZ,dml,0,3,1,,2026-08-04T10:28:59
00g88gb47bcz6,0,1,HTZ,query,0,1,dry,,2026-08-04T10:28:59
04vfkrajpkrnj,0,1,HTZ,query,0,1,dry,,2026-08-04T10:28:59
087wp5amfwh1n,0,1,HTZ,query,0,1,dry,,2026-08-04T10:28:59
0934v7nwr5ux5,0,1,HTZ,query,0,1,dry,,2026-08-04T10:28:59
0970bxxhucvb5,0,1,HTZ,query,0,0,dry,,2026-08-04T10:28:59
58fpkr725q7rp,0,1,HTZ,dml,0,1,dry,blocked_dry,2026-08-04T10:28:59
9btc6b2hypw6a,0,1,HTZ,query,0,0,dry,,2026-08-04T10:28:59
buq5yp6tubnf8,0,1,HTZ,query,0,0,dry,,2026-08-04T10:28:59
bwu82wrzdwrzw,0,1,HTZ,query,0,0,dry,,2026-08-04T10:28:59
9btc6b2hypw6a,0,1,HTZ,query,0,2,1,,2026-08-04T10:28:59
8j2wvuh066drs,0,1,HTZ,query,0,8,1,,2026-08-04T10:29:05
8z035ha5nvt74,0,1,SCMAP1,query,0,2,1,,2026-08-04T10:29:08
6ckjzurd71jx4,0,1,SCMAP3,query,0,2,1,,2026-08-04T10:29:08
f00nc27v11f3d,0,1,SCMAP2,query,0,2,1,,2026-08-04T10:29:08
9btc6b2hypw6a,0,1,HTZ,query,0,0,dry,,2026-08-04T10:29:08
9btc6b2hypw6a,0,1,HTZ,query,0,1,dry,,2026-08-04T10:29:09
9btc6b2hypw6a,0,1,HTZ,query,0,1,dry,,2026-08-04T10:29:09
9btc6b2hypw6a,0,1,HTZ,query,0,0,dry,,2026-08-04T10:29:10
9btc6b2hypw6a,0,1,HTZ,query,0,0,dry,,2026-08-04T10:29:18
9btc6b2hypw6a,0,1,HTZ,query,0,1,dry,,2026-08-04T10:29:18
9btc6b2hypw6a,0,1,HTZ,query,0,0,dry,,2026-08-04T10:29:19
9btc6b2hypw6a,0,1,HTZ,query,0,0,dry,,2026-08-04T10:29:19
9btc6b2hypw6a,0,1,HTZ,query,0,0,dry,,2026-08-04T10:29:19
9btc6b2hypw6a,0,1,HTZ,query,0,1,dry,,2026-08-04T10:29:19
00g88gb47bcz6,0,1,HTZ,query,0,0,dry,,2026-08-04T10:29:20
04vfkrajpkrnj,0,1,HTZ,query,0,1,dry,,2026-08-04T10:29:20
087wp5amfwh1n,0,1,HTZ,query,0,0,dry,,2026-08-04T10:29:20
0934v7nwr5ux5,0,1,HTZ,query,0,0,dry,,2026-08-04T10:29:20
0970bxxhucvb5,0,1,HTZ,query,0,1,dry,,2026-08-04T10:29:20
58fpkr725q7rp,0,1,HTZ,dml,0,0,dry,blocked_dry,2026-08-04T10:29:20
9btc6b2hypw6a,0,1,HTZ,query,0,1,dry,,2026-08-04T10:29:20
buq5yp6tubnf8,0,1,HTZ,query,0,1,dry,,2026-08-04T10:29:20
bwu82wrzdwrzw,0,1,HTZ,query,0,1,dry,,2026-08-04T10:29:20
bwu82wrzdwrzw,0,1,HTZ,query,0,2,1,,2026-08-04T10:29:21
9btc6b2hypw6a,0,1,HTZ,query,0,2,1,,2026-08-04T10:29:21
bwu82wrzdwrzw,0,1,HTZ,query,0,2,1,,2026-08-04T10:29:21
9btc6b2hypw6a,0,1,HTZ,query,0,2,1,,2026-08-04T10:29:21
9btc6b2hypw6a,0,1,HTZ,query,0,2,1,,2026-08-04T10:29:23
9btc6b2hypw6a,0,1,HTZ,query,0,2,1,,2026-08-04T10:29:50
bwu82wrzdwrzw,0,1,HTZ,query,0,1,1,,2026-08-04T10:29:50
9btc6b2hypw6a,0,1,HTZ,query,0,2,1,,2026-08-04T10:29:50
9btc6b2hypw6a,0,1,HTZ,query,0,1,1,,2026-08-04T10:29:50
9btc6b2hypw6a,0,1,HTZ,query,0,1,1,,2026-08-04T10:29:50
58fpkr725q7rp,0,1,HTZ,dml,1,1,,blocked,2026-08-04T10:29:51
58fpkr725q7rp,0,1,HTZ,dml,0,4,1,,2026-08-04T10:29:51
9btc6b2hypw6a,0,1,HTZ,query,0,0,dry,,2026-08-04T10:29:51
bwu82wrzdwrzw,0,1,HTZ,query,0,1,dry,,2026-08-04T10:29:51
9btc6b2hypw6a,0,1,HTZ,query,0,2,1,,2026-08-04T10:29:51
58fpkr725q7rp,0,1,HTZ,dml,1,1,,blocked,2026-08-04T10:29:52
58fpkr725q7rp,0,1,HTZ,dml,0,4,1,,2026-08-04T10:29:52
00g88gb47bcz6,0,1,HTZ,query,0,1,dry,,2026-08-04T10:29:52
04vfkrajpkrnj,0,1,HTZ,query,0,0,dry,,2026-08-04T10:29:52
087wp5amfwh1n,0,1,HTZ,query,0,0,dry,,2026-08-04T10:29:52
0934v7nwr5ux5,0,1,HTZ,query,0,0,dry,,2026-08-04T10:29:52
0970bxxhucvb5,0,1,HTZ,query,0,1,dry,,2026-08-04T10:29:52
58fpkr725q7rp,0,1,HTZ,dml,0,0,dry,blocked_dry,2026-08-04T10:29:52
9btc6b2hypw6a,0,1,HTZ,query,0,1,dry,,2026-08-04T10:29:52
buq5yp6tubnf8,0,1,HTZ,query,0,1,dry,,2026-08-04T10:29:52
bwu82wrzdwrzw,0,1,HTZ,query,0,0,dry,,2026-08-04T10:29:52
9btc6b2hypw6a,0,1,HTZ,query,0,2,1,,2026-08-04T10:29:52
8j2wvuh066drs,0,1,HTZ,query,0,8,1,,2026-08-04T10:29:57
f00nc27v11f3d,0,1,SCMAP2,query,0,2,1,,2026-08-04T10:30:01
8z035ha5nvt74,0,1,SCMAP1,query,0,1,1,,2026-08-04T10:30:01
6ckjzurd71jx4,0,1,SCMAP3,query,0,2,1,,2026-08-04T10:30:01
9btc6b2hypw6a,0,1,HTZ,query,0,0,dry,,2026-08-04T10:30:01
9btc6b2hypw6a,0,1,HTZ,query,0,1,dry,,2026-08-04T10:30:02
9btc6b2hypw6a,0,1,HTZ,query,0,0,dry,,2026-08-04T10:30:02
9btc6b2hypw6a,0,1,HTZ,query,0,1,dry,,2026-08-04T10:30:02
9btc6b2hypw6a,0,1,HTZ,query,0,0,dry,,2026-08-04T10:30:11
9btc6b2hypw6a,0,1,HTZ,query,0,0,dry,,2026-08-04T10:30:11
9btc6b2hypw6a,0,1,HTZ,query,0,0,dry,,2026-08-04T10:30:11
9btc6b2hypw6a,0,1,HTZ,query,0,0,dry,,2026-08-04T10:30:12
9btc6b2hypw6a,0,1,HTZ,query,0,1,dry,,2026-08-04T10:30:12
9btc6b2hypw6a,0,1,HTZ,query,0,0,dry,,2026-08-04T10:30:12
00g88gb47bcz6,0,1,HTZ,query,0,0,dry,,2026-08-04T10:30:13
04vfkrajpkrnj,0,1,HTZ,query,0,0,dry,,2026-08-04T10:30:13
087wp5amfwh1n,0,1,HTZ,query,0,0,dry,,2026-08-04T10:30:13
0934v7nwr5ux5,0,1,HTZ,query,0,0,dry,,2026-08-04T10:30:13
0970bxxhucvb5,0,1,HTZ,query,0,1,dry,,2026-08-04T10:30:13
58fpkr725q7rp,0,1,HTZ,dml,0,0,dry,blocked_dry,2026-08-04T10:30:13
9btc6b2hypw6a,0,1,HTZ,query,0,0,dry,,2026-08-04T10:30:13
buq5yp6tubnf8,0,1,HTZ,query,0,0,dry,,2026-08-04T10:30:13
bwu82wrzdwrzw,0,1,HTZ,query,0,0,dry,,2026-08-04T10:30:13
bwu82wrzdwrzw,0,1,HTZ,query,0,2,1,,2026-08-04T10:30:14
9btc6b2hypw6a,0,1,HTZ,query,0,2,1,,2026-08-04T10:30:14
bwu82wrzdwrzw,0,1,HTZ,query,0,2,1,,2026-08-04T10:30:14
9btc6b2hypw6a,0,1,HTZ,query,0,1,1,,2026-08-04T10:30:14
9btc6b2hypw6a,0,1,HTZ,query,0,2,1,,2026-08-04T10:30:15
9btc6b2hypw6a,0,1,HTZ,query,0,2,1,,2026-08-04T11:07:10
bwu82wrzdwrzw,0,1,HTZ,query,0,2,1,,2026-08-04T11:07:10
9btc6b2hypw6a,0,1,HTZ,query,0,2,1,,2026-08-04T11:07:10
9btc6b2hypw6a,0,1,HTZ,query,0,1,1,,2026-08-04T11:07:10
9btc6b2hypw6a,0,1,HTZ,query,0,2,1,,2026-08-04T11:07:10
58fpkr725q7rp,0,1,HTZ,dml,1,1,,blocked,2026-08-04T11:07:10
58fpkr725q7rp,0,1,HTZ,dml,0,3,1,,2026-08-04T11:07:10
9btc6b2hypw6a,0,1,HTZ,query,0,0,dry,,2026-08-04T11:07:10
bwu82wrzdwrzw,0,1,HTZ,query,0,1,dry,,2026-08-04T11:07:10
9btc6b2hypw6a,0,1,HTZ,query,0,1,1,,2026-08-04T11:07:11
58fpkr725q7rp,0,1,HTZ,dml,1,0,,blocked,2026-08-04T11:07:11
58fpkr725q7rp,0,1,HTZ,dml,0,3,1,,2026-08-04T11:07:11
00g88gb47bcz6,0,1,HTZ,query,0,0,dry,,2026-08-04T11:07:11
04vfkrajpkrnj,0,1,HTZ,query,0,0,dry,,2026-08-04T11:07:11
087wp5amfwh1n,0,1,HTZ,query,0,1,dry,,2026-08-04T11:07:11
0934v7nwr5ux5,0,1,HTZ,query,0,1,dry,,2026-08-04T11:07:11
0970bxxhucvb5,0,1,HTZ,query,0,0,dry,,2026-08-04T11:07:11
58fpkr725q7rp,0,1,HTZ,dml,0,1,dry,blocked_dry,2026-08-04T11:07:11
9btc6b2hypw6a,0,1,HTZ,query,0,0,dry,,2026-08-04T11:07:11
buq5yp6tubnf8,0,1,HTZ,query,0,0,dry,,2026-08-04T11:07:11
bwu82wrzdwrzw,0,1,HTZ,query,0,1,dry,,2026-08-04T11:07:11
9btc6b2hypw6a,0,1,HTZ,query,0,2,1,,2026-08-04T11:07:12
8j2wvuh066drs,0,1,HTZ,query,0,7,1,,2026-08-04T11:07:17
6ckjzurd71jx4,0,1,SCMAP3,query,0,1,1,,2026-08-04T11:07:20
8z035ha5nvt74,0,1,SCMAP1,query,0,2,1,,2026-08-04T11:07:20
f00nc27v11f3d,0,1,SCMAP2,query,0,2,1,,2026-08-04T11:07:20
9btc6b2hypw6a,0,1,HTZ,query,0,1,dry,,2026-08-04T11:07:20
9btc6b2hypw6a,0,1,HTZ,query,0,0,dry,,2026-08-04T11:07:21
9btc6b2hypw6a,0,1,HTZ,query,0,1,dry,,2026-08-04T11:07:21
9btc6b2hypw6a,0,1,HTZ,query,0,0,dry,,2026-08-04T11:07:22
9btc6b2hypw6a,0,1,HTZ,query,0,1,dry,,2026-08-04T11:07:34
9btc6b2hypw6a,0,1,HTZ,query,0,1,dry,,2026-08-04T11:07:35
9btc6b2hypw6a,0,1,HTZ,query,0,0,dry,,2026-08-04T11:07:35
9btc6b2hypw6a,0,1,HTZ,query,0,1,dry,,2026-08-04T11:07:36
9btc6b2hypw6a,0,1,HTZ,query,0,0,dry,,2026-08-04T11:07:36
9btc6b2hypw6a,0,1,HTZ,query,0,0,dry,,2026-08-04T11:07:36
00g88gb47bcz6,0,1,HTZ,query,0,1,dry,,2026-08-04T11:07:37
04vfkrajpkrnj,0,1,HTZ,query,0,1,dry,,2026-08-04T11:07:37
087wp5amfwh1n,0,1,HTZ,query,0,1,dry,,2026-08-04T11:07:37
0934v7nwr5ux5,0,1,HTZ,query,0,0,dry,,2026-08-04T11:07:37
0970bxxhucvb5,0,1,HTZ,query,0,1,dry,,2026-08-04T11:07:37
58fpkr725q7rp,0,1,HTZ,dml,0,0,dry,blocked_dry,2026-08-04T11:07:37
9btc6b2hypw6a,0,1,HTZ,query,0,0,dry,,2026-08-04T11:07:37
buq5yp6tubnf8,0,1,HTZ,query,0,0,dry,,2026-08-04T11:07:37
bwu82wrzdwrzw,0,1,HTZ,query,0,0,dry,,2026-08-04T11:07:37
bwu82wrzdwrzw,0,1,HTZ,query,0,2,1,,2026-08-04T11:07:37
9btc6b2hypw6a,0,1,HTZ,query,0,2,1,,2026-08-04T11:07:37
9btc6b2hypw6a,0,1,HTZ,query,0,1,1,,2026-08-04T11:07:37
bwu82wrzdwrzw,0,1,HTZ,query,0,1,1,,2026-08-04T11:07:37
9btc6b2hypw6a,0,1,HTZ,query,0,2,1,,2026-08-04T11:07:39
9btc6b2hypw6a,0,1,HTZ,query,0,2,1,,2026-08-04T11:10:01
bwu82wrzdwrzw,0,1,HTZ,query,0,1,1,,2026-08-04T11:10:01
9btc6b2hypw6a,0,1,HTZ,query,0,1,1,,2026-08-04T11:10:01
9btc6b2hypw6a,0,1,HTZ,query,0,2,1,,2026-08-04T11:10:01
9btc6b2hypw6a,0,1,HTZ,query,0,2,1,,2026-08-04T11:10:01
58fpkr725q7rp,0,1,HTZ,dml,1,0,,blocked,2026-08-04T11:10:02
58fpkr725q7rp,0,1,HTZ,dml,0,3,1,,2026-08-04T11:10:02
9btc6b2hypw6a,0,1,HTZ,query,0,1,dry,,2026-08-04T11:10:02
bwu82wrzdwrzw,0,1,HTZ,query,0,0,dry,,2026-08-04T11:10:02
9btc6b2hypw6a,0,1,HTZ,query,0,2,1,,2026-08-04T11:10:02
58fpkr725q7rp,0,1,HTZ,dml,1,1,,blocked,2026-08-04T11:10:03
58fpkr725q7rp,0,1,HTZ,dml,0,3,1,,2026-08-04T11:10:03
00g88gb47bcz6,0,1,HTZ,query,0,0,dry,,2026-08-04T11:10:03
04vfkrajpkrnj,0,1,HTZ,query,0,1,dry,,2026-08-04T11:10:03
087wp5amfwh1n,0,1,HTZ,query,0,1,dry,,2026-08-04T11:10:03
0934v7nwr5ux5,0,1,HTZ,query,0,0,dry,,2026-08-04T11:10:03
0970bxxhucvb5,0,1,HTZ,query,0,0,dry,,2026-08-04T11:10:03
58fpkr725q7rp,0,1,HTZ,dml,0,1,dry,blocked_dry,2026-08-04T11:10:03
9btc6b2hypw6a,0,1,HTZ,query,0,0,dry,,2026-08-04T11:10:03
buq5yp6tubnf8,0,1,HTZ,query,0,0,dry,,2026-08-04T11:10:03
bwu82wrzdwrzw,0,1,HTZ,query,0,1,dry,,2026-08-04T11:10:03
9btc6b2hypw6a,0,1,HTZ,query,0,2,1,,2026-08-04T11:10:03
8j2wvuh066drs,0,1,HTZ,query,0,8,1,,2026-08-04T11:10:08
f00nc27v11f3d,0,1,SCMAP2,query,0,2,1,,2026-08-04T11:10:11
6ckjzurd71jx4,0,1,SCMAP3,query,0,2,1,,2026-08-04T11:10:11
8z035ha5nvt74,0,1,SCMAP1,query,0,2,1,,2026-08-04T11:10:11
9btc6b2hypw6a,0,1,HTZ,query,0,0,dry,,2026-08-04T11:10:12
9btc6b2hypw6a,0,1,HTZ,query,0,0,dry,,2026-08-04T11:10:13
9btc6b2hypw6a,0,1,HTZ,query,0,0,dry,,2026-08-04T11:10:13
9btc6b2hypw6a,0,1,HTZ,query,0,0,dry,,2026-08-04T11:10:13
9btc6b2hypw6a,0,1,HTZ,query,0,0,dry,,2026-08-04T11:10:26
9btc6b2hypw6a,0,1,HTZ,query,0,1,dry,,2026-08-04T11:10:27
9btc6b2hypw6a,0,1,HTZ,query,0,0,dry,,2026-08-04T11:10:27
9btc6b2hypw6a,0,1,HTZ,query,0,0,dry,,2026-08-04T11:10:27
9btc6b2hypw6a,0,1,HTZ,query,0,0,dry,,2026-08-04T11:10:28
9btc6b2hypw6a,0,1,HTZ,query,0,1,dry,,2026-08-04T11:10:28
00g88gb47bcz6,0,1,HTZ,query,0,0,dry,,2026-08-04T11:10:28
04vfkrajpkrnj,0,1,HTZ,query,0,1,dry,,2026-08-04T11:10:28
087wp5amfwh1n,0,1,HTZ,query,0,1,dry,,2026-08-04T11:10:28
0934v7nwr5ux5,0,1,HTZ,query,0,0,dry,,2026-08-04T11:10:28
0970bxxhucvb5,0,1,HTZ,query,0,1,dry,,2026-08-04T11:10:28
58fpkr725q7rp,0,1,HTZ,dml,0,0,dry,blocked_dry,2026-08-04T11:10:28
9btc6b2hypw6a,0,1,HTZ,query,0,0,dry,,2026-08-04T11:10:28
buq5yp6tubnf8,0,1,HTZ,query,0,0,dry,,2026-08-04T11:10:28
bwu82wrzdwrzw,0,1,HTZ,query,0,0,dry,,2026-08-04T11:10:28
9btc6b2hypw6a,0,1,HTZ,query,0,2,1,,2026-08-04T11:10:29
bwu82wrzdwrzw,0,1,HTZ,query,0,2,1,,2026-08-04T11:10:29
9btc6b2hypw6a,0,1,HTZ,query,0,2,1,,2026-08-04T11:10:29
bwu82wrzdwrzw,0,1,HTZ,query,0,1,1,,2026-08-04T11:10:29
9btc6b2hypw6a,0,1,HTZ,query,0,2,1,,2026-08-04T11:10:31
9btc6b2hypw6a,0,1,HTZ,query,0,1,1,,2026-08-04T12:08:38
bwu82wrzdwrzw,0,1,HTZ,query,0,2,1,,2026-08-04T12:08:38
9btc6b2hypw6a,0,1,HTZ,query,0,2,1,,2026-08-04T12:08:38
9btc6b2hypw6a,0,1,HTZ,query,0,2,1,,2026-08-04T12:08:38
9btc6b2hypw6a,0,1,HTZ,query,0,2,1,,2026-08-04T12:08:38
58fpkr725q7rp,0,1,HTZ,dml,1,0,,blocked,2026-08-04T12:08:39
58fpkr725q7rp,0,1,HTZ,dml,0,3,1,,2026-08-04T12:08:39
9btc6b2hypw6a,0,1,HTZ,query,0,0,dry,,2026-08-04T12:08:39
bwu82wrzdwrzw,0,1,HTZ,query,0,0,dry,,2026-08-04T12:08:39
9btc6b2hypw6a,0,1,HTZ,query,0,2,1,,2026-08-04T12:08:39
58fpkr725q7rp,0,1,HTZ,dml,1,0,,blocked,2026-08-04T12:08:39
58fpkr725q7rp,0,1,HTZ,dml,0,5,1,,2026-08-04T12:08:40
00g88gb47bcz6,0,1,HTZ,query,0,1,dry,,2026-08-04T12:08:40
04vfkrajpkrnj,0,1,HTZ,query,0,0,dry,,2026-08-04T12:08:40
087wp5amfwh1n,0,1,HTZ,query,0,0,dry,,2026-08-04T12:08:40
0934v7nwr5ux5,0,1,HTZ,query,0,0,dry,,2026-08-04T12:08:40
0970bxxhucvb5,0,1,HTZ,query,0,1,dry,,2026-08-04T12:08:40
58fpkr725q7rp,0,1,HTZ,dml,0,0,dry,blocked_dry,2026-08-04T12:08:40
9btc6b2hypw6a,0,1,HTZ,query,0,0,dry,,2026-08-04T12:08:40
buq5yp6tubnf8,0,1,HTZ,query,0,0,dry,,2026-08-04T12:08:40
bwu82wrzdwrzw,0,1,HTZ,query,0,0,dry,,2026-08-04T12:08:40
9btc6b2hypw6a,0,1,HTZ,query,0,2,1,,2026-08-04T12:08:40
8j2wvuh066drs,0,1,HTZ,query,0,9,1,,2026-08-04T12:08:46
f00nc27v11f3d,0,1,SCMAP2,query,0,2,1,,2026-08-04T12:08:49
8z035ha5nvt74,0,1,SCMAP1,query,0,1,1,,2026-08-04T12:08:49
6ckjzurd71jx4,0,1,SCMAP3,query,0,2,1,,2026-08-04T12:08:49
9btc6b2hypw6a,0,1,HTZ,query,0,1,dry,,2026-08-04T12:08:50
9btc6b2hypw6a,0,1,HTZ,query,0,0,dry,,2026-08-04T12:08:50
9btc6b2hypw6a,0,1,HTZ,query,0,0,dry,,2026-08-04T12:08:51
9btc6b2hypw6a,0,1,HTZ,query,0,1,dry,,2026-08-04T12:08:51
9btc6b2hypw6a,0,1,HTZ,query,0,0,dry,,2026-08-04T12:09:05
9btc6b2hypw6a,0,1,HTZ,query,0,1,dry,,2026-08-04T12:09:05
9btc6b2hypw6a,0,1,HTZ,query,0,1,dry,,2026-08-04T12:09:05
9btc6b2hypw6a,0,1,HTZ,query,0,0,dry,,2026-08-04T12:09:06
9btc6b2hypw6a,0,1,HTZ,query,0,0,dry,,2026-08-04T12:09:06
9btc6b2hypw6a,0,1,HTZ,query,0,0,dry,,2026-08-04T12:09:06
00g88gb47bcz6,0,1,HTZ,query,0,0,dry,,2026-08-04T12:09:07
04vfkrajpkrnj,0,1,HTZ,query,0,1,dry,,2026-08-04T12:09:07
087wp5amfwh1n,0,1,HTZ,query,0,0,dry,,2026-08-04T12:09:07
0934v7nwr5ux5,0,1,HTZ,query,0,0,dry,,2026-08-04T12:09:07
0970bxxhucvb5,0,1,HTZ,query,0,1,dry,,2026-08-04T12:09:07
58fpkr725q7rp,0,1,HTZ,dml,0,1,dry,blocked_dry,2026-08-04T12:09:07
9btc6b2hypw6a,0,1,HTZ,query,0,0,dry,,2026-08-04T12:09:07
buq5yp6tubnf8,0,1,HTZ,query,0,0,dry,,2026-08-04T12:09:07
bwu82wrzdwrzw,0,1,HTZ,query,0,0,dry,,2026-08-04T12:09:07
bwu82wrzdwrzw,0,1,HTZ,query,0,2,1,,2026-08-04T12:09:08
9btc6b2hypw6a,0,1,HTZ,query,0,3,1,,2026-08-04T12:09:08
bwu82wrzdwrzw,0,1,HTZ,query,0,2,1,,2026-08-04T12:09:08
9btc6b2hypw6a,0,1,HTZ,query,0,2,1,,2026-08-04T12:09:08
9btc6b2hypw6a,0,1,HTZ,query,0,2,1,,2026-08-04T12:09:10
bwu82wrzdwrzw,0,1,HTZ,query,0,3,1,,2026-08-04T12:10:04
9btc6b2hypw6a,0,1,HTZ,query,0,2,1,,2026-08-04T12:10:04
9btc6b2hypw6a,0,1,HTZ,query,0,1,1,,2026-08-04T12:10:04
9btc6b2hypw6a,0,1,HTZ,query,0,2,1,,2026-08-04T12:10:04
9btc6b2hypw6a,0,1,HTZ,query,0,1,1,,2026-08-04T12:10:04
58fpkr725q7rp,0,1,HTZ,dml,1,1,,blocked,2026-08-04T12:10:04
58fpkr725q7rp,0,1,HTZ,dml,0,3,1,,2026-08-04T12:10:05
9btc6b2hypw6a,0,1,HTZ,query,0,1,dry,,2026-08-04T12:10:05
bwu82wrzdwrzw,0,1,HTZ,query,0,0,dry,,2026-08-04T12:10:05
9btc6b2hypw6a,0,1,HTZ,query,0,2,1,,2026-08-04T12:10:05
58fpkr725q7rp,0,1,HTZ,dml,1,0,,blocked,2026-08-04T12:10:05
58fpkr725q7rp,0,1,HTZ,dml,0,4,1,,2026-08-04T12:10:06
00g88gb47bcz6,0,1,HTZ,query,0,1,dry,,2026-08-04T12:10:06
04vfkrajpkrnj,0,1,HTZ,query,0,0,dry,,2026-08-04T12:10:06
087wp5amfwh1n,0,1,HTZ,query,0,0,dry,,2026-08-04T12:10:06
0934v7nwr5ux5,0,1,HTZ,query,0,0,dry,,2026-08-04T12:10:06
0970bxxhucvb5,0,1,HTZ,query,0,1,dry,,2026-08-04T12:10:06
58fpkr725q7rp,0,1,HTZ,dml,0,1,dry,blocked_dry,2026-08-04T12:10:06
9btc6b2hypw6a,0,1,HTZ,query,0,0,dry,,2026-08-04T12:10:06
buq5yp6tubnf8,0,1,HTZ,query,0,0,dry,,2026-08-04T12:10:06
bwu82wrzdwrzw,0,1,HTZ,query,0,0,dry,,2026-08-04T12:10:06
9btc6b2hypw6a,0,1,HTZ,query,0,2,1,,2026-08-04T12:10:06
8j2wvuh066drs,0,1,HTZ,query,0,12,1,,2026-08-04T12:10:12
8z035ha5nvt74,0,1,SCMAP1,query,0,1,1,,2026-08-04T12:10:15
6ckjzurd71jx4,0,1,SCMAP3,query,0,3,1,,2026-08-04T12:10:15
f00nc27v11f3d,0,1,SCMAP2,query,0,2,1,,2026-08-04T12:10:15
9btc6b2hypw6a,0,1,HTZ,query,0,1,dry,,2026-08-04T12:10:16
9btc6b2hypw6a,0,1,HTZ,query,0,0,dry,,2026-08-04T12:10:16
9btc6b2hypw6a,0,1,HTZ,query,0,1,dry,,2026-08-04T12:10:17
9btc6b2hypw6a,0,1,HTZ,query,0,0,dry,,2026-08-04T12:10:17
9btc6b2hypw6a,0,1,HTZ,query,0,1,dry,,2026-08-04T12:10:30
9btc6b2hypw6a,0,1,HTZ,query,0,1,dry,,2026-08-04T12:10:31
9btc6b2hypw6a,0,1,HTZ,query,0,0,dry,,2026-08-04T12:10:31
9btc6b2hypw6a,0,1,HTZ,query,0,0,dry,,2026-08-04T12:10:32
9btc6b2hypw6a,0,1,HTZ,query,0,1,dry,,2026-08-04T12:10:32
9btc6b2hypw6a,0,1,HTZ,query,0,1,dry,,2026-08-04T12:10:32
00g88gb47bcz6,0,1,HTZ,query,0,0,dry,,2026-08-04T12:10:33
04vfkrajpkrnj,0,1,HTZ,query,0,0,dry,,2026-08-04T12:10:33
087wp5amfwh1n,0,1,HTZ,query,0,1,dry,,2026-08-04T12:10:33
0934v7nwr5ux5,0,1,HTZ,query,0,0,dry,,2026-08-04T12:10:33
0970bxxhucvb5,0,1,HTZ,query,0,0,dry,,2026-08-04T12:10:33
58fpkr725q7rp,0,1,HTZ,dml,0,0,dry,blocked_dry,2026-08-04T12:10:33
9btc6b2hypw6a,0,1,HTZ,query,0,0,dry,,2026-08-04T12:10:33
buq5yp6tubnf8,0,1,HTZ,query,0,1,dry,,2026-08-04T12:10:33
bwu82wrzdwrzw,0,1,HTZ,query,0,1,dry,,2026-08-04T12:10:33
bwu82wrzdwrzw,0,1,HTZ,query,0,2,1,,2026-08-04T12:10:33
bwu82wrzdwrzw,0,1,HTZ,query,0,2,1,,2026-08-04T12:10:33
9btc6b2hypw6a,0,1,HTZ,query,0,2,1,,2026-08-04T12:10:33
9btc6b2hypw6a,0,1,HTZ,query,0,2,1,,2026-08-04T12:10:33
9btc6b2hypw6a,0,1,HTZ,query,0,2,1,,2026-08-04T12:10:35
9btc6b2hypw6a,0,1,HTZ,query,0,2,1,,2026-08-04T13:12:38
bwu82wrzdwrzw,0,1,HTZ,query,0,1,1,,2026-08-04T13:12:38
9btc6b2hypw6a,0,1,HTZ,query,0,2,1,,2026-08-04T13:12:38
9btc6b2hypw6a,0,1,HTZ,query,0,1,1,,2026-08-04T13:12:38
9btc6b2hypw6a,0,1,HTZ,query,0,2,1,,2026-08-04T13:12:38
58fpkr725q7rp,0,1,HTZ,dml,1,0,,blocked,2026-08-04T13:12:39
58fpkr725q7rp,0,1,HTZ,dml,0,3,1,,2026-08-04T13:12:39
9btc6b2hypw6a,0,1,HTZ,query,0,1,dry,,2026-08-04T13:12:39
bwu82wrzdwrzw,0,1,HTZ,query,0,1,dry,,2026-08-04T13:12:39
9btc6b2hypw6a,0,1,HTZ,query,0,1,1,,2026-08-04T13:12:39
58fpkr725q7rp,0,1,HTZ,dml,1,0,,blocked,2026-08-04T13:12:40
58fpkr725q7rp,0,1,HTZ,dml,0,4,1,,2026-08-04T13:12:40
00g88gb47bcz6,0,1,HTZ,query,0,1,dry,,2026-08-04T13:12:40
04vfkrajpkrnj,0,1,HTZ,query,0,0,dry,,2026-08-04T13:12:40
087wp5amfwh1n,0,1,HTZ,query,0,0,dry,,2026-08-04T13:12:40
0934v7nwr5ux5,0,1,HTZ,query,0,0,dry,,2026-08-04T13:12:40
0970bxxhucvb5,0,1,HTZ,query,0,1,dry,,2026-08-04T13:12:40
58fpkr725q7rp,0,1,HTZ,dml,0,0,dry,blocked_dry,2026-08-04T13:12:40
9btc6b2hypw6a,0,1,HTZ,query,0,0,dry,,2026-08-04T13:12:40
buq5yp6tubnf8,0,1,HTZ,query,0,0,dry,,2026-08-04T13:12:40
bwu82wrzdwrzw,0,1,HTZ,query,0,0,dry,,2026-08-04T13:12:40
9btc6b2hypw6a,0,1,HTZ,query,0,2,1,,2026-08-04T13:12:40
8j2wvuh066drs,0,1,HTZ,query,0,9,1,,2026-08-04T13:12:46
f00nc27v11f3d,0,1,SCMAP2,query,0,2,1,,2026-08-04T13:12:49
8z035ha5nvt74,0,1,SCMAP1,query,0,2,1,,2026-08-04T13:12:49
6ckjzurd71jx4,0,1,SCMAP3,query,0,2,1,,2026-08-04T13:12:49
9btc6b2hypw6a,0,1,HTZ,query,0,1,dry,,2026-08-04T13:12:49
9btc6b2hypw6a,0,1,HTZ,query,0,0,dry,,2026-08-04T13:12:50
9btc6b2hypw6a,0,1,HTZ,query,0,1,dry,,2026-08-04T13:12:51
9btc6b2hypw6a,0,1,HTZ,query,0,0,dry,,2026-08-04T13:12:51
9btc6b2hypw6a,0,1,HTZ,query,0,1,dry,,2026-08-04T13:13:05
9btc6b2hypw6a,0,1,HTZ,query,0,0,dry,,2026-08-04T13:13:05
9btc6b2hypw6a,0,1,HTZ,query,0,0,dry,,2026-08-04T13:13:05
9btc6b2hypw6a,0,1,HTZ,query,0,0,dry,,2026-08-04T13:13:06
9btc6b2hypw6a,0,1,HTZ,query,0,0,dry,,2026-08-04T13:13:06
9btc6b2hypw6a,0,1,HTZ,query,0,0,dry,,2026-08-04T13:13:06
00g88gb47bcz6,0,1,HTZ,query,0,1,dry,,2026-08-04T13:13:07
04vfkrajpkrnj,0,1,HTZ,query,0,0,dry,,2026-08-04T13:13:07
087wp5amfwh1n,0,1,HTZ,query,0,1,dry,,2026-08-04T13:13:07
0934v7nwr5ux5,0,1,HTZ,query,0,0,dry,,2026-08-04T13:13:07
0970bxxhucvb5,0,1,HTZ,query,0,1,dry,,2026-08-04T13:13:07
58fpkr725q7rp,0,1,HTZ,dml,0,0,dry,blocked_dry,2026-08-04T13:13:07
9btc6b2hypw6a,0,1,HTZ,query,0,1,dry,,2026-08-04T13:13:07
buq5yp6tubnf8,0,1,HTZ,query,0,1,dry,,2026-08-04T13:13:07
bwu82wrzdwrzw,0,1,HTZ,query,0,1,dry,,2026-08-04T13:13:07
bwu82wrzdwrzw,0,1,HTZ,query,0,2,1,,2026-08-04T13:13:08
bwu82wrzdwrzw,0,1,HTZ,query,0,1,1,,2026-08-04T13:13:08
9btc6b2hypw6a,0,1,HTZ,query,0,2,1,,2026-08-04T13:13:08
9btc6b2hypw6a,0,1,HTZ,query,0,1,1,,2026-08-04T13:13:08
9btc6b2hypw6a,0,1,HTZ,query,0,2,1,,2026-08-04T13:13:10
9btc6b2hypw6a,0,1,HTZ,query,0,1,dry,,2026-08-04T13:13:17
9btc6b2hypw6a,0,1,HTZ,query,0,2,1,,2026-08-04T13:24:15
bwu82wrzdwrzw,0,1,HTZ,query,0,2,1,,2026-08-04T13:24:15
9btc6b2hypw6a,0,1,HTZ,query,0,2,1,,2026-08-04T13:24:15
9btc6b2hypw6a,0,1,HTZ,query,0,2,1,,2026-08-04T13:24:15
9btc6b2hypw6a,0,1,HTZ,query,0,2,1,,2026-08-04T13:24:15
58fpkr725q7rp,0,1,HTZ,dml,1,0,,blocked,2026-08-04T13:24:15
58fpkr725q7rp,0,1,HTZ,dml,0,4,1,,2026-08-04T13:24:15
9btc6b2hypw6a,0,1,HTZ,query,0,1,dry,,2026-08-04T13:24:16
bwu82wrzdwrzw,0,1,HTZ,query,0,0,dry,,2026-08-04T13:24:16
9btc6b2hypw6a,0,1,HTZ,query,0,2,1,,2026-08-04T13:24:16
58fpkr725q7rp,0,1,HTZ,dml,1,1,,blocked,2026-08-04T13:24:16
58fpkr725q7rp,0,1,HTZ,dml,0,4,1,,2026-08-04T13:24:16
00g88gb47bcz6,0,1,HTZ,query,0,1,dry,,2026-08-04T13:24:17
01dgdmsycantr,0,1,HTZ,query,0,1,dry,,2026-08-04T13:24:17
042238fmrbfa6,0,1,HTZ,query,0,1,dry,,2026-08-04T13:24:17
04vfkrajpkrnj,0,1,HTZ,query,0,0,dry,,2026-08-04T13:24:17
087wp5amfwh1n,0,1,HTZ,query,0,1,dry,,2026-08-04T13:24:17
0934v7nwr5ux5,0,1,HTZ,query,0,1,dry,,2026-08-04T13:24:17
0970bxxhucvb5,0,1,HTZ,query,0,0,dry,,2026-08-04T13:24:17
58fpkr725q7rp,0,1,HTZ,dml,0,1,dry,blocked_dry,2026-08-04T13:24:17
9btc6b2hypw6a,0,1,HTZ,query,0,0,dry,,2026-08-04T13:24:17
buq5yp6tubnf8,0,1,HTZ,query,0,1,dry,,2026-08-04T13:24:17
bwu82wrzdwrzw,0,1,HTZ,query,0,1,dry,,2026-08-04T13:24:17
9btc6b2hypw6a,0,1,HTZ,query,0,2,1,,2026-08-04T13:24:17
8j2wvuh066drs,0,1,HTZ,query,0,9,1,,2026-08-04T13:24:22
6ckjzurd71jx4,0,1,SCMAP3,query,0,2,1,,2026-08-04T13:24:26
f00nc27v11f3d,0,1,SCMAP2,query,0,2,1,,2026-08-04T13:24:26
8z035ha5nvt74,0,1,SCMAP1,query,0,3,1,,2026-08-04T13:24:26
9btc6b2hypw6a,0,1,HTZ,query,0,1,dry,,2026-08-04T13:24:26
9btc6b2hypw6a,0,1,HTZ,query,0,0,dry,,2026-08-04T13:24:27
9btc6b2hypw6a,0,1,HTZ,query,0,1,dry,,2026-08-04T13:24:27
9btc6b2hypw6a,0,1,HTZ,query,0,1,dry,,2026-08-04T13:24:28
9btc6b2hypw6a,0,1,HTZ,query,0,0,dry,,2026-08-04T13:24:42
9btc6b2hypw6a,0,1,HTZ,query,0,0,dry,,2026-08-04T13:24:43
9btc6b2hypw6a,0,1,HTZ,query,0,1,dry,,2026-08-04T13:24:43
9btc6b2hypw6a,0,1,HTZ,query,0,0,dry,,2026-08-04T13:24:43
9btc6b2hypw6a,0,1,HTZ,query,0,0,dry,,2026-08-04T13:24:44
9btc6b2hypw6a,0,1,HTZ,query,0,1,dry,,2026-08-04T13:24:44
00g88gb47bcz6,0,1,HTZ,query,0,0,dry,,2026-08-04T13:24:44
01dgdmsycantr,0,1,HTZ,query,0,1,dry,,2026-08-04T13:24:44
042238fmrbfa6,0,1,HTZ,query,0,1,dry,,2026-08-04T13:24:44
04vfkrajpkrnj,0,1,HTZ,query,0,0,dry,,2026-08-04T13:24:44
052ds5wj2pam7,0,1,HTZ,query,0,0,dry,,2026-08-04T13:24:44
087wp5amfwh1n,0,1,HTZ,query,0,1,dry,,2026-08-04T13:24:44
0934v7nwr5ux5,0,1,HTZ,query,0,0,dry,,2026-08-04T13:24:44
0970bxxhucvb5,0,1,HTZ,query,0,0,dry,,2026-08-04T13:24:44
58fpkr725q7rp,0,1,HTZ,dml,0,1,dry,blocked_dry,2026-08-04T13:24:44
9btc6b2hypw6a,0,1,HTZ,query,0,0,dry,,2026-08-04T13:24:44
buq5yp6tubnf8,0,1,HTZ,query,0,0,dry,,2026-08-04T13:24:44
bwu82wrzdwrzw,0,1,HTZ,query,0,0,dry,,2026-08-04T13:24:44
9btc6b2hypw6a,0,1,HTZ,query,0,2,1,,2026-08-04T13:24:45
bwu82wrzdwrzw,0,1,HTZ,query,0,2,1,,2026-08-04T13:24:45
bwu82wrzdwrzw,0,1,HTZ,query,0,2,1,,2026-08-04T13:24:45
9btc6b2hypw6a,0,1,HTZ,query,0,1,1,,2026-08-04T13:24:45
9btc6b2hypw6a,0,1,HTZ,query,0,2,1,,2026-08-04T13:24:47
9btc6b2hypw6a,0,1,HTZ,query,0,1,dry,,2026-08-04T13:24:54
bwu82wrzdwrzw,0,1,HTZ,query,0,2,1,,2026-08-04T13:26:09
9btc6b2hypw6a,0,1,HTZ,query,0,2,1,,2026-08-04T13:26:09
9btc6b2hypw6a,0,1,HTZ,query,0,2,1,,2026-08-04T13:26:09
9btc6b2hypw6a,0,1,HTZ,query,0,2,1,,2026-08-04T13:26:09
9btc6b2hypw6a,0,1,HTZ,query,0,2,1,,2026-08-04T13:26:09
58fpkr725q7rp,0,1,HTZ,dml,1,0,,blocked,2026-08-04T13:26:09
58fpkr725q7rp,0,1,HTZ,dml,0,3,1,,2026-08-04T13:26:09
9btc6b2hypw6a,0,1,HTZ,query,0,1,dry,,2026-08-04T13:26:10
bwu82wrzdwrzw,0,1,HTZ,query,0,0,dry,,2026-08-04T13:26:10
9btc6b2hypw6a,0,1,HTZ,query,0,2,1,,2026-08-04T13:26:10
58fpkr725q7rp,0,1,HTZ,dml,1,0,,blocked,2026-08-04T13:26:10
58fpkr725q7rp,0,1,HTZ,dml,0,3,1,,2026-08-04T13:26:10
00g88gb47bcz6,0,1,HTZ,query,0,1,dry,,2026-08-04T13:26:11
01dgdmsycantr,0,1,HTZ,query,0,0,dry,,2026-08-04T13:26:11
042238fmrbfa6,0,1,HTZ,query,0,1,dry,,2026-08-04T13:26:11
04vfkrajpkrnj,0,1,HTZ,query,0,0,dry,,2026-08-04T13:26:11
052ds5wj2pam7,0,1,HTZ,query,0,0,dry,,2026-08-04T13:26:11
087wp5amfwh1n,0,1,HTZ,query,0,0,dry,,2026-08-04T13:26:11
0934v7nwr5ux5,0,1,HTZ,query,0,1,dry,,2026-08-04T13:26:11
0970bxxhucvb5,0,1,HTZ,query,0,0,dry,,2026-08-04T13:26:11
58fpkr725q7rp,0,1,HTZ,dml,0,1,dry,blocked_dry,2026-08-04T13:26:11
9btc6b2hypw6a,0,1,HTZ,query,0,0,dry,,2026-08-04T13:26:11
buq5yp6tubnf8,0,1,HTZ,query,0,0,dry,,2026-08-04T13:26:11
bwu82wrzdwrzw,0,1,HTZ,query,0,0,dry,,2026-08-04T13:26:11
9btc6b2hypw6a,0,1,HTZ,query,0,2,1,,2026-08-04T13:26:11
8j2wvuh066drs,0,1,HTZ,query,0,7,1,,2026-08-04T13:26:16
f00nc27v11f3d,0,1,SCMAP2,query,0,3,1,,2026-08-04T13:26:20
8z035ha5nvt74,0,1,SCMAP1,query,0,2,1,,2026-08-04T13:26:20
6ckjzurd71jx4,0,1,SCMAP3,query,0,3,1,,2026-08-04T13:26:20
9btc6b2hypw6a,0,1,HTZ,query,0,0,dry,,2026-08-04T13:26:20
9btc6b2hypw6a,0,1,HTZ,query,0,1,dry,,2026-08-04T13:26:21
9btc6b2hypw6a,0,1,HTZ,query,0,1,dry,,2026-08-04T13:26:22
9btc6b2hypw6a,0,1,HTZ,query,0,0,dry,,2026-08-04T13:26:22
9btc6b2hypw6a,0,1,HTZ,query,0,0,dry,,2026-08-04T13:26:37
9btc6b2hypw6a,0,1,HTZ,query,0,1,dry,,2026-08-04T13:26:38
9btc6b2hypw6a,0,1,HTZ,query,0,1,dry,,2026-08-04T13:26:38
9btc6b2hypw6a,0,1,HTZ,query,0,1,dry,,2026-08-04T13:26:38
9btc6b2hypw6a,0,1,HTZ,query,0,0,dry,,2026-08-04T13:26:39
9btc6b2hypw6a,0,1,HTZ,query,0,0,dry,,2026-08-04T13:26:39
00g88gb47bcz6,0,1,HTZ,query,0,0,dry,,2026-08-04T13:26:39
01dgdmsycantr,0,1,HTZ,query,0,1,dry,,2026-08-04T13:26:39
042238fmrbfa6,0,1,HTZ,query,0,1,dry,,2026-08-04T13:26:39
04vfkrajpkrnj,0,1,HTZ,query,0,0,dry,,2026-08-04T13:26:39
052ds5wj2pam7,0,1,HTZ,query,0,0,dry,,2026-08-04T13:26:39
087wp5amfwh1n,0,1,HTZ,query,0,0,dry,,2026-08-04T13:26:39
0934v7nwr5ux5,0,1,HTZ,query,0,1,dry,,2026-08-04T13:26:39
0970bxxhucvb5,0,1,HTZ,query,0,0,dry,,2026-08-04T13:26:39
58fpkr725q7rp,0,1,HTZ,dml,0,1,dry,blocked_dry,2026-08-04T13:26:39
9btc6b2hypw6a,0,1,HTZ,query,0,1,dry,,2026-08-04T13:26:39
buq5yp6tubnf8,0,1,HTZ,query,0,0,dry,,2026-08-04T13:26:39
bwu82wrzdwrzw,0,1,HTZ,query,0,1,dry,,2026-08-04T13:26:39
9btc6b2hypw6a,0,1,HTZ,query,0,2,1,,2026-08-04T13:26:40
bwu82wrzdwrzw,0,1,HTZ,query,0,2,1,,2026-08-04T13:26:40
9btc6b2hypw6a,0,1,HTZ,query,0,2,1,,2026-08-04T13:26:40
bwu82wrzdwrzw,0,1,HTZ,query,0,1,1,,2026-08-04T13:26:40
9btc6b2hypw6a,0,1,HTZ,query,0,2,1,,2026-08-04T13:26:42
9btc6b2hypw6a,0,1,HTZ,query,0,0,dry,,2026-08-04T13:26:50
bwu82wrzdwrzw,0,1,HTZ,query,0,2,1,,2026-08-04T13:31:46
9btc6b2hypw6a,0,1,HTZ,query,0,1,1,,2026-08-04T13:31:46
9btc6b2hypw6a,0,1,HTZ,query,0,2,1,,2026-08-04T13:31:46
9btc6b2hypw6a,0,1,HTZ,query,0,2,1,,2026-08-04T13:31:46
9btc6b2hypw6a,0,1,HTZ,query,0,2,1,,2026-08-04T13:31:46
58fpkr725q7rp,0,1,HTZ,dml,1,1,,blocked,2026-08-04T13:31:46
58fpkr725q7rp,0,1,HTZ,dml,0,4,1,,2026-08-04T13:31:46
9btc6b2hypw6a,0,1,HTZ,query,0,1,dry,,2026-08-04T13:31:47
bwu82wrzdwrzw,0,1,HTZ,query,0,0,dry,,2026-08-04T13:31:47
9btc6b2hypw6a,0,1,HTZ,query,0,2,1,,2026-08-04T13:31:47
58fpkr725q7rp,0,1,HTZ,dml,1,1,,blocked,2026-08-04T13:31:47
58fpkr725q7rp,0,1,HTZ,dml,0,4,1,,2026-08-04T13:31:47
00g88gb47bcz6,0,1,HTZ,query,0,1,dry,,2026-08-04T13:31:48
01dgdmsycantr,0,1,HTZ,query,0,1,dry,,2026-08-04T13:31:48
042238fmrbfa6,0,1,HTZ,query,0,1,dry,,2026-08-04T13:31:48
04vfkrajpkrnj,0,1,HTZ,query,0,0,dry,,2026-08-04T13:31:48
052ds5wj2pam7,0,1,HTZ,query,0,1,dry,,2026-08-04T13:31:48
087wp5amfwh1n,0,1,HTZ,query,0,1,dry,,2026-08-04T13:31:48
0934v7nwr5ux5,0,1,HTZ,query,0,1,dry,,2026-08-04T13:31:48
0970bxxhucvb5,0,1,HTZ,query,0,0,dry,,2026-08-04T13:31:48
58fpkr725q7rp,0,1,HTZ,dml,0,0,dry,blocked_dry,2026-08-04T13:31:48
9btc6b2hypw6a,0,1,HTZ,query,0,0,dry,,2026-08-04T13:31:48
buq5yp6tubnf8,0,1,HTZ,query,0,0,dry,,2026-08-04T13:31:48
bwu82wrzdwrzw,0,1,HTZ,query,0,0,dry,,2026-08-04T13:31:48
9btc6b2hypw6a,0,1,HTZ,query,0,2,1,,2026-08-04T13:31:48
8j2wvuh066drs,0,1,HTZ,query,0,8,1,,2026-08-04T13:31:53
f00nc27v11f3d,0,1,SCMAP2,query,0,2,1,,2026-08-04T13:31:56
8z035ha5nvt74,0,1,SCMAP1,query,0,2,1,,2026-08-04T13:31:56
6ckjzurd71jx4,0,1,SCMAP3,query,0,2,1,,2026-08-04T13:31:56
9btc6b2hypw6a,0,1,HTZ,query,0,1,dry,,2026-08-04T13:31:56
9btc6b2hypw6a,0,1,HTZ,query,0,0,dry,,2026-08-04T13:31:57
9btc6b2hypw6a,0,1,HTZ,query,0,1,dry,,2026-08-04T13:31:58
9btc6b2hypw6a,0,1,HTZ,query,0,0,dry,,2026-08-04T13:31:58
9btc6b2hypw6a,0,1,HTZ,query,0,1,dry,,2026-08-04T13:32:13
9btc6b2hypw6a,0,1,HTZ,query,0,0,dry,,2026-08-04T13:32:13
9btc6b2hypw6a,0,1,HTZ,query,0,0,dry,,2026-08-04T13:32:14
9btc6b2hypw6a,0,1,HTZ,query,0,0,dry,,2026-08-04T13:32:14
9btc6b2hypw6a,0,1,HTZ,query,0,0,dry,,2026-08-04T13:32:14
9btc6b2hypw6a,0,1,HTZ,query,0,0,dry,,2026-08-04T13:32:15
00g88gb47bcz6,0,1,HTZ,query,0,0,dry,,2026-08-04T13:32:15
01dgdmsycantr,0,1,HTZ,query,0,1,dry,,2026-08-04T13:32:15
042238fmrbfa6,0,1,HTZ,query,0,1,dry,,2026-08-04T13:32:15
04vfkrajpkrnj,0,1,HTZ,query,0,0,dry,,2026-08-04T13:32:15
052ds5wj2pam7,0,1,HTZ,query,0,0,dry,,2026-08-04T13:32:15
087wp5amfwh1n,0,1,HTZ,query,0,1,dry,,2026-08-04T13:32:15
0934v7nwr5ux5,0,1,HTZ,query,0,0,dry,,2026-08-04T13:32:15
0970bxxhucvb5,0,1,HTZ,query,0,0,dry,,2026-08-04T13:32:15
58fpkr725q7rp,0,1,HTZ,dml,0,0,dry,blocked_dry,2026-08-04T13:32:15
9btc6b2hypw6a,0,1,HTZ,query,0,1,dry,,2026-08-04T13:32:15
buq5yp6tubnf8,0,1,HTZ,query,0,0,dry,,2026-08-04T13:32:15
bwu82wrzdwrzw,0,1,HTZ,query,0,0,dry,,2026-08-04T13:32:15
9btc6b2hypw6a,0,1,HTZ,query,0,2,1,,2026-08-04T13:32:16
bwu82wrzdwrzw,0,1,HTZ,query,0,2,1,,2026-08-04T13:32:16
9btc6b2hypw6a,0,1,HTZ,query,0,3,1,,2026-08-04T13:32:16
bwu82wrzdwrzw,0,1,HTZ,query,0,1,1,,2026-08-04T13:32:16
9btc6b2hypw6a,0,1,HTZ,query,0,2,1,,2026-08-04T13:32:18
9btc6b2hypw6a,0,1,HTZ,query,0,0,dry,,2026-08-04T13:32:25
bwu82wrzdwrzw,0,1,HTZ,query,0,2,1,,2026-08-04T19:32:51
9btc6b2hypw6a,0,1,HTZ,query,0,1,1,,2026-08-04T19:32:51
9btc6b2hypw6a,0,1,HTZ,query,0,2,1,,2026-08-04T19:32:52
9btc6b2hypw6a,0,1,HTZ,query,0,1,1,,2026-08-04T19:32:52
9btc6b2hypw6a,0,1,HTZ,query,0,2,1,,2026-08-04T19:32:52
58fpkr725q7rp,0,1,HTZ,dml,1,1,,blocked,2026-08-04T19:32:52
58fpkr725q7rp,0,1,HTZ,dml,0,4,1,,2026-08-04T19:32:52
9btc6b2hypw6a,0,1,HTZ,query,0,1,dry,,2026-08-04T19:32:52
bwu82wrzdwrzw,0,1,HTZ,query,0,0,dry,,2026-08-04T19:32:52
9btc6b2hypw6a,0,1,HTZ,query,0,2,1,,2026-08-04T19:32:53
58fpkr725q7rp,0,1,HTZ,dml,1,1,,blocked,2026-08-04T19:32:53
58fpkr725q7rp,0,1,HTZ,dml,0,5,1,,2026-08-04T19:32:53
00g88gb47bcz6,0,1,HTZ,query,0,1,dry,,2026-08-04T19:32:53
01dgdmsycantr,0,1,HTZ,query,0,1,dry,,2026-08-04T19:32:53
033g0vr74j49t,0,1,HTZ,query,0,0,dry,,2026-08-04T19:32:53
042238fmrbfa6,0,1,HTZ,query,0,1,dry,,2026-08-04T19:32:53
04vfkrajpkrnj,0,1,HTZ,query,0,0,dry,,2026-08-04T19:32:53
052ds5wj2pam7,0,1,HTZ,query,0,0,dry,,2026-08-04T19:32:53
087wp5amfwh1n,0,1,HTZ,query,0,0,dry,,2026-08-04T19:32:53
0934v7nwr5ux5,0,1,HTZ,query,0,0,dry,,2026-08-04T19:32:53
0970bxxhucvb5,0,1,HTZ,query,0,0,dry,,2026-08-04T19:32:53
4rzuj7j9vcxhp,0,1,HTZ,query,0,0,dry,,2026-08-04T19:32:53
58fpkr725q7rp,0,1,HTZ,dml,0,0,dry,blocked_dry,2026-08-04T19:32:53
9btc6b2hypw6a,0,1,HTZ,query,0,0,dry,,2026-08-04T19:32:53
buq5yp6tubnf8,0,1,HTZ,query,0,1,dry,,2026-08-04T19:32:53
bwu82wrzdwrzw,0,1,HTZ,query,0,0,dry,,2026-08-04T19:32:53
dxwb3xzzahpqc,0,1,HTZ,query,0,0,dry,,2026-08-04T19:32:53
9btc6b2hypw6a,0,1,HTZ,query,0,2,1,,2026-08-04T19:32:54
8j2wvuh066drs,0,1,HTZ,query,0,9,1,,2026-08-04T19:32:59
8z035ha5nvt74,0,1,SCMAP1,query,0,2,1,,2026-08-04T19:33:03
f00nc27v11f3d,0,1,SCMAP2,query,0,2,1,,2026-08-04T19:33:03
6ckjzurd71jx4,0,1,SCMAP3,query,0,2,1,,2026-08-04T19:33:03
9btc6b2hypw6a,0,1,HTZ,query,0,1,dry,,2026-08-04T19:33:03
9btc6b2hypw6a,0,1,HTZ,query,0,1,dry,,2026-08-04T19:33:04
9btc6b2hypw6a,0,1,HTZ,query,0,0,dry,,2026-08-04T19:33:04
9btc6b2hypw6a,0,1,HTZ,query,0,1,dry,,2026-08-04T19:33:05
9btc6b2hypw6a,0,1,HTZ,query,0,0,dry,,2026-08-04T19:33:19
9btc6b2hypw6a,0,1,HTZ,query,0,1,dry,,2026-08-04T19:33:20
9btc6b2hypw6a,0,1,HTZ,query,0,0,dry,,2026-08-04T19:33:20
9btc6b2hypw6a,0,1,HTZ,query,0,0,dry,,2026-08-04T19:33:20
9btc6b2hypw6a,0,1,HTZ,query,0,1,dry,,2026-08-04T19:33:21
9btc6b2hypw6a,0,1,HTZ,query,0,0,dry,,2026-08-04T19:33:21
00g88gb47bcz6,0,1,HTZ,query,0,0,dry,,2026-08-04T19:33:21
01dgdmsycantr,0,1,HTZ,query,0,1,dry,,2026-08-04T19:33:21
033g0vr74j49t,0,1,HTZ,query,0,0,dry,,2026-08-04T19:33:21
042238fmrbfa6,0,1,HTZ,query,0,1,dry,,2026-08-04T19:33:21
04vfkrajpkrnj,0,1,HTZ,query,0,0,dry,,2026-08-04T19:33:21
052ds5wj2pam7,0,1,HTZ,query,0,0,dry,,2026-08-04T19:33:21
087wp5amfwh1n,0,1,HTZ,query,0,0,dry,,2026-08-04T19:33:21
0934v7nwr5ux5,0,1,HTZ,query,0,0,dry,,2026-08-04T19:33:21
0970bxxhucvb5,0,1,HTZ,query,0,0,dry,,2026-08-04T19:33:21
4rzuj7j9vcxhp,0,1,HTZ,query,0,0,dry,,2026-08-04T19:33:21
58fpkr725q7rp,0,1,HTZ,dml,0,0,dry,blocked_dry,2026-08-04T19:33:21
9btc6b2hypw6a,0,1,HTZ,query,0,0,dry,,2026-08-04T19:33:21
buq5yp6tubnf8,0,1,HTZ,query,0,0,dry,,2026-08-04T19:33:21
bwu82wrzdwrzw,0,1,HTZ,query,0,0,dry,,2026-08-04T19:33:21
dxwb3xzzahpqc,0,1,HTZ,query,0,0,dry,,2026-08-04T19:33:21
9btc6b2hypw6a,0,1,HTZ,query,0,2,1,,2026-08-04T19:33:22
bwu82wrzdwrzw,0,1,HTZ,query,0,1,1,,2026-08-04T19:33:22
bwu82wrzdwrzw,0,1,HTZ,query,0,1,1,,2026-08-04T19:33:22
9btc6b2hypw6a,0,1,HTZ,query,0,1,1,,2026-08-04T19:33:22
9btc6b2hypw6a,0,1,HTZ,query,0,2,1,,2026-08-04T19:33:24
9btc6b2hypw6a,0,1,HTZ,query,0,0,dry,,2026-08-04T19:33:31
bwu82wrzdwrzw,0,1,HTZ,query,0,2,1,,2026-08-04T19:34:58
9btc6b2hypw6a,0,1,HTZ,query,0,1,1,,2026-08-04T19:34:58
9btc6b2hypw6a,0,1,HTZ,query,0,2,1,,2026-08-04T19:34:58
9btc6b2hypw6a,0,1,HTZ,query,0,1,1,,2026-08-04T19:34:58
9btc6b2hypw6a,0,1,HTZ,query,0,1,1,,2026-08-04T19:34:58
58fpkr725q7rp,0,1,HTZ,dml,1,1,,blocked,2026-08-04T19:34:58
58fpkr725q7rp,0,1,HTZ,dml,0,14,1,,2026-08-04T19:34:59
9btc6b2hypw6a,0,1,HTZ,query,0,1,dry,,2026-08-04T19:34:59
bwu82wrzdwrzw,0,1,HTZ,query,0,1,dry,,2026-08-04T19:34:59
9btc6b2hypw6a,0,1,HTZ,query,0,2,1,,2026-08-04T19:34:59
58fpkr725q7rp,0,1,HTZ,dml,1,1,,blocked,2026-08-04T19:34:59
58fpkr725q7rp,0,1,HTZ,dml,0,3,1,,2026-08-04T19:35:00
00g88gb47bcz6,0,1,HTZ,query,0,0,dry,,2026-08-04T19:35:00
01dgdmsycantr,0,1,HTZ,query,0,1,dry,,2026-08-04T19:35:00
033g0vr74j49t,0,1,HTZ,query,0,0,dry,,2026-08-04T19:35:00
042238fmrbfa6,0,1,HTZ,query,0,1,dry,,2026-08-04T19:35:00
04vfkrajpkrnj,0,1,HTZ,query,0,0,dry,,2026-08-04T19:35:00
052ds5wj2pam7,0,1,HTZ,query,0,0,dry,,2026-08-04T19:35:00
087wp5amfwh1n,0,1,HTZ,query,0,1,dry,,2026-08-04T19:35:00
0934v7nwr5ux5,0,1,HTZ,query,0,0,dry,,2026-08-04T19:35:00
0970bxxhucvb5,0,1,HTZ,query,0,0,dry,,2026-08-04T19:35:00
4rzuj7j9vcxhp,0,1,HTZ,query,0,0,dry,,2026-08-04T19:35:00
58fpkr725q7rp,0,1,HTZ,dml,0,0,dry,blocked_dry,2026-08-04T19:35:00
9btc6b2hypw6a,0,1,HTZ,query,0,0,dry,,2026-08-04T19:35:00
buq5yp6tubnf8,0,1,HTZ,query,0,0,dry,,2026-08-04T19:35:00
bwu82wrzdwrzw,0,1,HTZ,query,0,0,dry,,2026-08-04T19:35:00
dxwb3xzzahpqc,0,1,HTZ,query,0,0,dry,,2026-08-04T19:35:00
9btc6b2hypw6a,0,1,HTZ,query,0,2,1,,2026-08-04T19:35:00
8j2wvuh066drs,0,1,HTZ,query,0,12,1,,2026-08-04T19:35:06
f00nc27v11f3d,0,1,SCMAP2,query,0,2,1,,2026-08-04T19:35:09
6ckjzurd71jx4,0,1,SCMAP3,query,0,3,1,,2026-08-04T19:35:09
8z035ha5nvt74,0,1,SCMAP1,query,0,2,1,,2026-08-04T19:35:09
9btc6b2hypw6a,0,1,HTZ,query,0,1,dry,,2026-08-04T19:35:09
9btc6b2hypw6a,0,1,HTZ,query,0,0,dry,,2026-08-04T19:35:10
9btc6b2hypw6a,0,1,HTZ,query,0,1,dry,,2026-08-04T19:35:11
9btc6b2hypw6a,0,1,HTZ,query,0,0,dry,,2026-08-04T19:35:11
9btc6b2hypw6a,0,1,HTZ,query,0,1,dry,,2026-08-04T19:35:26
9btc6b2hypw6a,0,1,HTZ,query,0,0,dry,,2026-08-04T19:35:27
9btc6b2hypw6a,0,1,HTZ,query,0,0,dry,,2026-08-04T19:35:27
9btc6b2hypw6a,0,1,HTZ,query,0,0,dry,,2026-08-04T19:35:28
9btc6b2hypw6a,0,1,HTZ,query,0,0,dry,,2026-08-04T19:35:28
9btc6b2hypw6a,0,1,HTZ,query,0,1,dry,,2026-08-04T19:35:28
00g88gb47bcz6,0,1,HTZ,query,0,0,dry,,2026-08-04T19:35:29
01dgdmsycantr,0,1,HTZ,query,0,1,dry,,2026-08-04T19:35:29
033g0vr74j49t,0,1,HTZ,query,0,0,dry,,2026-08-04T19:35:29
042238fmrbfa6,0,1,HTZ,query,0,1,dry,,2026-08-04T19:35:29
04vfkrajpkrnj,0,1,HTZ,query,0,0,dry,,2026-08-04T19:35:29
052ds5wj2pam7,0,1,HTZ,query,0,1,dry,,2026-08-04T19:35:29
087wp5amfwh1n,0,1,HTZ,query,0,1,dry,,2026-08-04T19:35:29
0934v7nwr5ux5,0,1,HTZ,query,0,1,dry,,2026-08-04T19:35:29
0970bxxhucvb5,0,1,HTZ,query,0,0,dry,,2026-08-04T19:35:29
4rzuj7j9vcxhp,0,1,HTZ,query,0,0,dry,,2026-08-04T19:35:29
58fpkr725q7rp,0,1,HTZ,dml,0,0,dry,blocked_dry,2026-08-04T19:35:29
9btc6b2hypw6a,0,1,HTZ,query,0,0,dry,,2026-08-04T19:35:29
buq5yp6tubnf8,0,1,HTZ,query,0,0,dry,,2026-08-04T19:35:29
bwu82wrzdwrzw,0,1,HTZ,query,0,0,dry,,2026-08-04T19:35:29
dxwb3xzzahpqc,0,1,HTZ,query,0,0,dry,,2026-08-04T19:35:29
bwu82wrzdwrzw,0,1,HTZ,query,0,2,1,,2026-08-04T19:35:29
9btc6b2hypw6a,0,1,HTZ,query,0,1,1,,2026-08-04T19:35:29
9btc6b2hypw6a,0,1,HTZ,query,0,2,1,,2026-08-04T19:35:29
bwu82wrzdwrzw,0,1,HTZ,query,0,1,1,,2026-08-04T19:35:29
9btc6b2hypw6a,0,1,HTZ,query,0,2,1,,2026-08-04T19:35:31
9btc6b2hypw6a,0,1,HTZ,query,0,0,dry,,2026-08-04T19:35:39
bwu82wrzdwrzw,0,1,HTZ,query,0,2,1,,2026-08-04T22:29:37
9btc6b2hypw6a,0,1,HTZ,query,0,2,1,,2026-08-04T22:29:37
9btc6b2hypw6a,0,1,HTZ,query,0,3,1,,2026-08-04T22:29:38
9btc6b2hypw6a,0,1,HTZ,query,0,2,1,,2026-08-04T22:29:38
9btc6b2hypw6a,0,1,HTZ,query,0,2,1,,2026-08-04T22:29:38
58fpkr725q7rp,0,1,HTZ,dml,1,0,,blocked,2026-08-04T22:29:38
58fpkr725q7rp,0,1,HTZ,dml,0,3,1,,2026-08-04T22:29:38
9btc6b2hypw6a,0,1,HTZ,query,0,0,dry,,2026-08-04T22:29:38
bwu82wrzdwrzw,0,1,HTZ,query,0,1,dry,,2026-08-04T22:29:38
9btc6b2hypw6a,0,1,HTZ,query,0,2,1,,2026-08-04T22:29:39
58fpkr725q7rp,0,1,HTZ,dml,1,1,,blocked,2026-08-04T22:29:39
58fpkr725q7rp,0,1,HTZ,dml,0,3,1,,2026-08-04T22:29:39
00g88gb47bcz6,0,1,HTZ,query,0,0,dry,,2026-08-04T22:29:39
01dgdmsycantr,0,1,HTZ,query,0,1,dry,,2026-08-04T22:29:39
033g0vr74j49t,0,1,HTZ,query,0,1,dry,,2026-08-04T22:29:39
042238fmrbfa6,0,1,HTZ,query,0,1,dry,,2026-08-04T22:29:39
04vfkrajpkrnj,0,1,HTZ,query,0,0,dry,,2026-08-04T22:29:39
052ds5wj2pam7,0,1,HTZ,query,0,0,dry,,2026-08-04T22:29:39
05dnyf0k7cttj,0,1,HTZ,query,0,1,dry,,2026-08-04T22:29:39
087wp5amfwh1n,0,1,HTZ,query,0,0,dry,,2026-08-04T22:29:39
0934v7nwr5ux5,0,1,HTZ,query,0,0,dry,,2026-08-04T22:29:39
0970bxxhucvb5,0,1,HTZ,query,0,0,dry,,2026-08-04T22:29:39
4rzuj7j9vcxhp,0,1,HTZ,query,0,0,dry,,2026-08-04T22:29:39
58fpkr725q7rp,0,1,HTZ,dml,0,0,dry,blocked_dry,2026-08-04T22:29:39
9btc6b2hypw6a,0,1,HTZ,query,0,0,dry,,2026-08-04T22:29:39
buq5yp6tubnf8,0,1,HTZ,query,0,0,dry,,2026-08-04T22:29:39
bwu82wrzdwrzw,0,1,HTZ,query,0,0,dry,,2026-08-04T22:29:39
dxwb3xzzahpqc,0,1,HTZ,query,0,0,dry,,2026-08-04T22:29:39
9btc6b2hypw6a,0,1,HTZ,query,0,3,1,,2026-08-04T22:29:40
8j2wvuh066drs,0,1,HTZ,query,0,9,1,,2026-08-04T22:29:45
6ckjzurd71jx4,0,1,SCMAP3,query,0,2,1,,2026-08-04T22:29:48
f00nc27v11f3d,0,1,SCMAP2,query,0,2,1,,2026-08-04T22:29:48
8z035ha5nvt74,0,1,SCMAP1,query,0,2,1,,2026-08-04T22:29:48
9btc6b2hypw6a,0,1,HTZ,query,0,1,dry,,2026-08-04T22:29:49
9btc6b2hypw6a,0,1,HTZ,query,0,0,dry,,2026-08-04T22:29:49
9btc6b2hypw6a,0,1,HTZ,query,0,1,dry,,2026-08-04T22:29:50
9btc6b2hypw6a,0,1,HTZ,query,0,1,dry,,2026-08-04T22:29:50
9btc6b2hypw6a,0,1,HTZ,query,0,0,dry,,2026-08-04T22:30:04
9btc6b2hypw6a,0,1,HTZ,query,0,0,dry,,2026-08-04T22:30:05
9btc6b2hypw6a,0,1,HTZ,query,0,0,dry,,2026-08-04T22:30:05
9btc6b2hypw6a,0,1,HTZ,query,0,0,dry,,2026-08-04T22:30:06
9btc6b2hypw6a,0,1,HTZ,query,0,0,dry,,2026-08-04T22:30:06
9btc6b2hypw6a,0,1,HTZ,query,0,1,dry,,2026-08-04T22:30:06
00g88gb47bcz6,0,1,HTZ,query,0,1,dry,,2026-08-04T22:30:07
01dgdmsycantr,0,1,HTZ,query,0,1,dry,,2026-08-04T22:30:07
033g0vr74j49t,0,1,HTZ,query,0,0,dry,,2026-08-04T22:30:07
042238fmrbfa6,0,1,HTZ,query,0,1,dry,,2026-08-04T22:30:07
04vfkrajpkrnj,0,1,HTZ,query,0,0,dry,,2026-08-04T22:30:07
052ds5wj2pam7,0,1,HTZ,query,0,0,dry,,2026-08-04T22:30:07
05dnyf0k7cttj,0,1,HTZ,query,0,0,dry,,2026-08-04T22:30:07
087wp5amfwh1n,0,1,HTZ,query,0,1,dry,,2026-08-04T22:30:07
0934v7nwr5ux5,0,1,HTZ,query,0,1,dry,,2026-08-04T22:30:07
0970bxxhucvb5,0,1,HTZ,query,0,0,dry,,2026-08-04T22:30:07
4rzuj7j9vcxhp,0,1,HTZ,query,0,0,dry,,2026-08-04T22:30:07
58fpkr725q7rp,0,1,HTZ,dml,0,0,dry,blocked_dry,2026-08-04T22:30:07
9btc6b2hypw6a,0,1,HTZ,query,0,0,dry,,2026-08-04T22:30:07
buq5yp6tubnf8,0,1,HTZ,query,0,0,dry,,2026-08-04T22:30:07
bwu82wrzdwrzw,0,1,HTZ,query,0,0,dry,,2026-08-04T22:30:07
dxwb3xzzahpqc,0,1,HTZ,query,0,0,dry,,2026-08-04T22:30:07
9btc6b2hypw6a,0,1,HTZ,query,0,1,1,,2026-08-04T22:30:07
9btc6b2hypw6a,0,1,HTZ,query,0,2,1,,2026-08-04T22:30:07
bwu82wrzdwrzw,0,1,HTZ,query,0,2,1,,2026-08-04T22:30:07
bwu82wrzdwrzw,0,1,HTZ,query,0,1,1,,2026-08-04T22:30:07
9btc6b2hypw6a,0,1,HTZ,query,0,2,1,,2026-08-04T22:30:09
9btc6b2hypw6a,0,1,HTZ,query,0,1,dry,,2026-08-04T22:30:17
9btc6b2hypw6a,0,1,HTZ,query,0,2,1,,2026-08-04T23:28:00
bwu82wrzdwrzw,0,1,HTZ,query,0,1,1,,2026-08-04T23:28:00
9btc6b2hypw6a,0,1,HTZ,query,0,1,1,,2026-08-04T23:28:00
9btc6b2hypw6a,0,1,HTZ,query,0,2,1,,2026-08-04T23:28:00
9btc6b2hypw6a,0,1,HTZ,query,0,2,1,,2026-08-04T23:28:00
58fpkr725q7rp,0,1,HTZ,dml,1,0,,blocked,2026-08-04T23:28:01
58fpkr725q7rp,0,1,HTZ,dml,0,4,1,,2026-08-04T23:28:01
9btc6b2hypw6a,0,1,HTZ,query,0,2,1,,2026-08-04T23:28:46
bwu82wrzdwrzw,0,1,HTZ,query,0,1,1,,2026-08-04T23:28:46
9btc6b2hypw6a,0,1,HTZ,query,0,3,1,,2026-08-04T23:28:46
9btc6b2hypw6a,0,1,HTZ,query,0,2,1,,2026-08-04T23:28:46
9btc6b2hypw6a,0,1,HTZ,query,0,2,1,,2026-08-04T23:28:46
58fpkr725q7rp,0,1,HTZ,dml,1,1,,blocked,2026-08-04T23:28:47
58fpkr725q7rp,0,1,HTZ,dml,0,3,1,,2026-08-04T23:28:47
9btc6b2hypw6a,0,1,HTZ,query,0,1,dry,,2026-08-04T23:28:47
bwu82wrzdwrzw,0,1,HTZ,query,0,1,dry,,2026-08-04T23:28:47
9btc6b2hypw6a,0,1,HTZ,query,0,3,1,,2026-08-04T23:28:47
58fpkr725q7rp,0,1,HTZ,dml,1,0,,blocked,2026-08-04T23:28:48
58fpkr725q7rp,0,1,HTZ,dml,0,3,1,,2026-08-04T23:28:48
00g88gb47bcz6,0,1,HTZ,query,0,1,dry,,2026-08-04T23:28:48
01dgdmsycantr,0,1,HTZ,query,0,1,dry,,2026-08-04T23:28:48
033g0vr74j49t,0,1,HTZ,query,0,1,dry,,2026-08-04T23:28:48
042238fmrbfa6,0,1,HTZ,query,0,1,dry,,2026-08-04T23:28:48
04vfkrajpkrnj,0,1,HTZ,query,0,0,dry,,2026-08-04T23:28:48
052ds5wj2pam7,0,1,HTZ,query,0,0,dry,,2026-08-04T23:28:48
05dnyf0k7cttj,0,1,HTZ,query,0,0,dry,,2026-08-04T23:28:48
087wp5amfwh1n,0,1,HTZ,query,0,0,dry,,2026-08-04T23:28:48
0934v7nwr5ux5,0,1,HTZ,query,0,0,dry,,2026-08-04T23:28:48
0970bxxhucvb5,0,1,HTZ,query,0,0,dry,,2026-08-04T23:28:48
4rzuj7j9vcxhp,0,1,HTZ,query,0,0,dry,,2026-08-04T23:28:48
58fpkr725q7rp,0,1,HTZ,dml,0,0,dry,blocked_dry,2026-08-04T23:28:48
9btc6b2hypw6a,0,1,HTZ,query,0,0,dry,,2026-08-04T23:28:48
buq5yp6tubnf8,0,1,HTZ,query,0,0,dry,,2026-08-04T23:28:48
bwu82wrzdwrzw,0,1,HTZ,query,0,0,dry,,2026-08-04T23:28:48
dxwb3xzzahpqc,0,1,HTZ,query,0,0,dry,,2026-08-04T23:28:48
9btc6b2hypw6a,0,1,HTZ,query,0,2,1,,2026-08-04T23:28:48
8j2wvuh066drs,0,1,HTZ,query,0,9,1,,2026-08-04T23:28:54
6ckjzurd71jx4,0,1,SCMAP3,query,0,2,1,,2026-08-04T23:28:57
8z035ha5nvt74,0,1,SCMAP1,query,0,2,1,,2026-08-04T23:28:57
f00nc27v11f3d,0,1,SCMAP2,query,0,2,1,,2026-08-04T23:28:57
9btc6b2hypw6a,0,1,HTZ,query,0,1,dry,,2026-08-04T23:28:58
9btc6b2hypw6a,0,1,HTZ,query,0,0,dry,,2026-08-04T23:28:58
9btc6b2hypw6a,0,1,HTZ,query,0,0,dry,,2026-08-04T23:28:59
9btc6b2hypw6a,0,1,HTZ,query,0,0,dry,,2026-08-04T23:28:59
9btc6b2hypw6a,0,1,HTZ,query,0,1,dry,,2026-08-04T23:29:12
9btc6b2hypw6a,0,1,HTZ,query,0,0,dry,,2026-08-04T23:29:13
9btc6b2hypw6a,0,1,HTZ,query,0,0,dry,,2026-08-04T23:29:13
9btc6b2hypw6a,0,1,HTZ,query,0,0,dry,,2026-08-04T23:29:13
9btc6b2hypw6a,0,1,HTZ,query,0,1,dry,,2026-08-04T23:29:14
9btc6b2hypw6a,0,1,HTZ,query,0,0,dry,,2026-08-04T23:29:14
00g88gb47bcz6,0,1,HTZ,query,0,1,dry,,2026-08-04T23:29:14
01dgdmsycantr,0,1,HTZ,query,0,1,dry,,2026-08-04T23:29:14
033g0vr74j49t,0,1,HTZ,query,0,0,dry,,2026-08-04T23:29:14
042238fmrbfa6,0,1,HTZ,query,0,1,dry,,2026-08-04T23:29:14
04vfkrajpkrnj,0,1,HTZ,query,0,0,dry,,2026-08-04T23:29:14
052ds5wj2pam7,0,1,HTZ,query,0,0,dry,,2026-08-04T23:29:14
05dnyf0k7cttj,0,1,HTZ,query,0,1,dry,,2026-08-04T23:29:14
087wp5amfwh1n,0,1,HTZ,query,0,1,dry,,2026-08-04T23:29:14
0934v7nwr5ux5,0,1,HTZ,query,0,1,dry,,2026-08-04T23:29:14
0970bxxhucvb5,0,1,HTZ,query,0,0,dry,,2026-08-04T23:29:14
4rzuj7j9vcxhp,0,1,HTZ,query,0,0,dry,,2026-08-04T23:29:14
58fpkr725q7rp,0,1,HTZ,dml,0,1,dry,blocked_dry,2026-08-04T23:29:14
9btc6b2hypw6a,0,1,HTZ,query,0,0,dry,,2026-08-04T23:29:14
buq5yp6tubnf8,0,1,HTZ,query,0,0,dry,,2026-08-04T23:29:14
bwu82wrzdwrzw,0,1,HTZ,query,0,0,dry,,2026-08-04T23:29:14
dxwb3xzzahpqc,0,1,HTZ,query,0,1,dry,,2026-08-04T23:29:14
bwu82wrzdwrzw,0,1,HTZ,query,0,2,1,,2026-08-04T23:29:15
9btc6b2hypw6a,0,1,HTZ,query,0,1,1,,2026-08-04T23:29:15
bwu82wrzdwrzw,0,1,HTZ,query,0,3,1,,2026-08-04T23:29:15
9btc6b2hypw6a,0,1,HTZ,query,0,2,1,,2026-08-04T23:29:15
9btc6b2hypw6a,0,1,HTZ,query,0,2,1,,2026-08-04T23:29:17
9btc6b2hypw6a,0,1,HTZ,query,0,1,dry,,2026-08-04T23:29:24
9btc6b2hypw6a,0,1,HTZ,query,0,2,1,,2026-08-04T23:32:02
bwu82wrzdwrzw,0,1,HTZ,query,0,2,1,,2026-08-04T23:32:02
9btc6b2hypw6a,0,1,HTZ,query,0,2,1,,2026-08-04T23:32:02
9btc6b2hypw6a,0,1,HTZ,query,0,2,1,,2026-08-04T23:32:02
9btc6b2hypw6a,0,1,HTZ,query,0,1,1,,2026-08-04T23:32:02
58fpkr725q7rp,0,1,HTZ,dml,1,0,,blocked,2026-08-04T23:32:03
58fpkr725q7rp,0,1,HTZ,dml,0,3,1,,2026-08-04T23:32:03
9btc6b2hypw6a,0,1,HTZ,query,0,1,dry,,2026-08-04T23:32:03
bwu82wrzdwrzw,0,1,HTZ,query,0,1,dry,,2026-08-04T23:32:03
9btc6b2hypw6a,0,1,HTZ,query,0,2,1,,2026-08-04T23:32:03
58fpkr725q7rp,0,1,HTZ,dml,1,1,,blocked,2026-08-04T23:32:04
58fpkr725q7rp,0,1,HTZ,dml,0,3,1,,2026-08-04T23:32:04
00g88gb47bcz6,0,1,HTZ,query,0,1,dry,,2026-08-04T23:32:04
01dgdmsycantr,0,1,HTZ,query,0,0,dry,,2026-08-04T23:32:04
033g0vr74j49t,0,1,HTZ,query,0,0,dry,,2026-08-04T23:32:04
042238fmrbfa6,0,1,HTZ,query,0,2,dry,,2026-08-04T23:32:04
04vfkrajpkrnj,0,1,HTZ,query,0,0,dry,,2026-08-04T23:32:04
052ds5wj2pam7,0,1,HTZ,query,0,0,dry,,2026-08-04T23:32:04
05dnyf0k7cttj,0,1,HTZ,query,0,0,dry,,2026-08-04T23:32:04
087wp5amfwh1n,0,1,HTZ,query,0,1,dry,,2026-08-04T23:32:04
0934v7nwr5ux5,0,1,HTZ,query,0,0,dry,,2026-08-04T23:32:04
0970bxxhucvb5,0,1,HTZ,query,0,0,dry,,2026-08-04T23:32:04
4rzuj7j9vcxhp,0,1,HTZ,query,0,0,dry,,2026-08-04T23:32:04
58fpkr725q7rp,0,1,HTZ,dml,0,0,dry,blocked_dry,2026-08-04T23:32:04
9btc6b2hypw6a,0,1,HTZ,query,0,1,dry,,2026-08-04T23:32:04
buq5yp6tubnf8,0,1,HTZ,query,0,1,dry,,2026-08-04T23:32:04
bwu82wrzdwrzw,0,1,HTZ,query,0,0,dry,,2026-08-04T23:32:04
dxwb3xzzahpqc,0,1,HTZ,query,0,0,dry,,2026-08-04T23:32:04
9btc6b2hypw6a,0,1,HTZ,query,0,2,1,,2026-08-04T23:32:04
8j2wvuh066drs,0,1,HTZ,query,0,12,1,,2026-08-04T23:32:10
8z035ha5nvt74,0,1,SCMAP1,query,0,1,1,,2026-08-04T23:32:13
6ckjzurd71jx4,0,1,SCMAP3,query,0,2,1,,2026-08-04T23:32:13
f00nc27v11f3d,0,1,SCMAP2,query,0,2,1,,2026-08-04T23:32:13
9btc6b2hypw6a,0,1,HTZ,query,0,0,dry,,2026-08-04T23:32:13
9btc6b2hypw6a,0,1,HTZ,query,0,1,dry,,2026-08-04T23:32:14
9btc6b2hypw6a,0,1,HTZ,query,0,1,dry,,2026-08-04T23:32:15
9btc6b2hypw6a,0,1,HTZ,query,0,0,dry,,2026-08-04T23:32:15
9btc6b2hypw6a,0,1,HTZ,query,0,0,dry,,2026-08-04T23:32:29
9btc6b2hypw6a,0,1,HTZ,query,0,1,dry,,2026-08-04T23:32:30
9btc6b2hypw6a,0,1,HTZ,query,0,0,dry,,2026-08-04T23:32:30
9btc6b2hypw6a,0,1,HTZ,query,0,0,dry,,2026-08-04T23:32:31
9btc6b2hypw6a,0,1,HTZ,query,0,0,dry,,2026-08-04T23:32:31
9btc6b2hypw6a,0,1,HTZ,query,0,1,dry,,2026-08-04T23:32:31
00g88gb47bcz6,0,1,HTZ,query,0,1,dry,,2026-08-04T23:32:32
01dgdmsycantr,0,1,HTZ,query,0,1,dry,,2026-08-04T23:32:32
033g0vr74j49t,0,1,HTZ,query,0,0,dry,,2026-08-04T23:32:32
042238fmrbfa6,0,1,HTZ,query,0,1,dry,,2026-08-04T23:32:32
04vfkrajpkrnj,0,1,HTZ,query,0,0,dry,,2026-08-04T23:32:32
052ds5wj2pam7,0,1,HTZ,query,0,1,dry,,2026-08-04T23:32:32
05dnyf0k7cttj,0,1,HTZ,query,0,0,dry,,2026-08-04T23:32:32
087wp5amfwh1n,0,1,HTZ,query,0,0,dry,,2026-08-04T23:32:32
0934v7nwr5ux5,0,1,HTZ,query,0,0,dry,,2026-08-04T23:32:32
0970bxxhucvb5,0,1,HTZ,query,0,0,dry,,2026-08-04T23:32:32
4rzuj7j9vcxhp,0,1,HTZ,query,0,1,dry,,2026-08-04T23:32:32
58fpkr725q7rp,0,1,HTZ,dml,0,1,dry,blocked_dry,2026-08-04T23:32:32
9btc6b2hypw6a,0,1,HTZ,query,0,1,dry,,2026-08-04T23:32:32
buq5yp6tubnf8,0,1,HTZ,query,0,1,dry,,2026-08-04T23:32:32
bwu82wrzdwrzw,0,1,HTZ,query,0,0,dry,,2026-08-04T23:32:32
dxwb3xzzahpqc,0,1,HTZ,query,0,0,dry,,2026-08-04T23:32:32
bwu82wrzdwrzw,0,1,HTZ,query,0,2,1,,2026-08-04T23:32:32
bwu82wrzdwrzw,0,1,HTZ,query,0,2,1,,2026-08-04T23:32:32
9btc6b2hypw6a,0,1,HTZ,query,0,2,1,,2026-08-04T23:32:32
9btc6b2hypw6a,0,1,HTZ,query,0,1,1,,2026-08-04T23:32:32
9btc6b2hypw6a,0,1,HTZ,query,0,1,1,,2026-08-04T23:32:34
9btc6b2hypw6a,0,1,HTZ,query,0,1,dry,,2026-08-04T23:32:42
9btc6b2hypw6a,0,1,HTZ,query,0,2,1,,2026-08-05T00:07:53
bwu82wrzdwrzw,0,1,HTZ,query,0,1,1,,2026-08-05T00:07:53
9btc6b2hypw6a,0,1,HTZ,query,0,2,1,,2026-08-05T00:07:53
9btc6b2hypw6a,0,1,HTZ,query,0,2,1,,2026-08-05T00:07:53
9btc6b2hypw6a,0,1,HTZ,query,0,2,1,,2026-08-05T00:07:53
58fpkr725q7rp,0,1,HTZ,dml,1,0,,blocked,2026-08-05T00:07:53
58fpkr725q7rp,0,1,HTZ,dml,0,3,1,,2026-08-05T00:07:53
9btc6b2hypw6a,0,1,HTZ,query,0,1,dry,,2026-08-05T00:07:54
bwu82wrzdwrzw,0,1,HTZ,query,0,1,dry,,2026-08-05T00:07:54
9btc6b2hypw6a,0,1,HTZ,query,0,2,1,,2026-08-05T00:07:54
58fpkr725q7rp,0,1,HTZ,dml,1,0,,blocked,2026-08-05T00:07:54
58fpkr725q7rp,0,1,HTZ,dml,0,3,1,,2026-08-05T00:07:54
00g88gb47bcz6,0,1,HTZ,query,0,0,dry,,2026-08-05T00:07:54
01dgdmsycantr,0,1,HTZ,query,0,1,dry,,2026-08-05T00:07:54
033g0vr74j49t,0,1,HTZ,query,0,1,dry,,2026-08-05T00:07:54
042238fmrbfa6,0,1,HTZ,query,0,1,dry,,2026-08-05T00:07:54
04vfkrajpkrnj,0,1,HTZ,query,0,0,dry,,2026-08-05T00:07:54
052ds5wj2pam7,0,1,HTZ,query,0,0,dry,,2026-08-05T00:07:54
05dnyf0k7cttj,0,1,HTZ,query,0,0,dry,,2026-08-05T00:07:54
087wp5amfwh1n,0,1,HTZ,query,0,1,dry,,2026-08-05T00:07:55
0934v7nwr5ux5,0,1,HTZ,query,0,0,dry,,2026-08-05T00:07:55
0970bxxhucvb5,0,1,HTZ,query,0,0,dry,,2026-08-05T00:07:55
4rzuj7j9vcxhp,0,1,HTZ,query,0,0,dry,,2026-08-05T00:07:55
58fpkr725q7rp,0,1,HTZ,dml,0,0,dry,blocked_dry,2026-08-05T00:07:55
9btc6b2hypw6a,0,1,HTZ,query,0,0,dry,,2026-08-05T00:07:55
buq5yp6tubnf8,0,1,HTZ,query,0,0,dry,,2026-08-05T00:07:55
bwu82wrzdwrzw,0,1,HTZ,query,0,1,dry,,2026-08-05T00:07:55
dxwb3xzzahpqc,0,1,HTZ,query,0,0,dry,,2026-08-05T00:07:55
9btc6b2hypw6a,0,1,HTZ,query,0,2,1,,2026-08-05T00:07:55
8j2wvuh066drs,0,1,HTZ,query,0,8,1,,2026-08-05T00:08:00
8z035ha5nvt74,0,1,SCMAP1,query,0,1,1,,2026-08-05T00:08:03
f00nc27v11f3d,0,1,SCMAP2,query,0,2,1,,2026-08-05T00:08:03
6ckjzurd71jx4,0,1,SCMAP3,query,0,2,1,,2026-08-05T00:08:03
9btc6b2hypw6a,0,1,HTZ,query,0,1,dry,,2026-08-05T00:08:04
9btc6b2hypw6a,0,1,HTZ,query,0,0,dry,,2026-08-05T00:08:04
9btc6b2hypw6a,0,1,HTZ,query,0,1,dry,,2026-08-05T00:08:05
9btc6b2hypw6a,0,1,HTZ,query,0,0,dry,,2026-08-05T00:08:05
9btc6b2hypw6a,0,1,HTZ,query,0,0,dry,,2026-08-05T00:08:18
9btc6b2hypw6a,0,1,HTZ,query,0,1,dry,,2026-08-05T00:08:19
9btc6b2hypw6a,0,1,HTZ,query,0,0,dry,,2026-08-05T00:08:19
9btc6b2hypw6a,0,1,HTZ,query,0,0,dry,,2026-08-05T00:08:20
9btc6b2hypw6a,0,1,HTZ,query,0,0,dry,,2026-08-05T00:08:20
9btc6b2hypw6a,0,1,HTZ,query,0,1,dry,,2026-08-05T00:08:20
00g88gb47bcz6,0,1,HTZ,query,0,1,dry,,2026-08-05T00:08:21
01dgdmsycantr,0,1,HTZ,query,0,0,dry,,2026-08-05T00:08:21
033g0vr74j49t,0,1,HTZ,query,0,0,dry,,2026-08-05T00:08:21
042238fmrbfa6,0,1,HTZ,query,0,1,dry,,2026-08-05T00:08:21
04vfkrajpkrnj,0,1,HTZ,query,0,1,dry,,2026-08-05T00:08:21
052ds5wj2pam7,0,1,HTZ,query,0,1,dry,,2026-08-05T00:08:21
05dnyf0k7cttj,0,1,HTZ,query,0,1,dry,,2026-08-05T00:08:21
087wp5amfwh1n,0,1,HTZ,query,0,0,dry,,2026-08-05T00:08:21
0934v7nwr5ux5,0,1,HTZ,query,0,1,dry,,2026-08-05T00:08:21
0970bxxhucvb5,0,1,HTZ,query,0,1,dry,,2026-08-05T00:08:21
4rzuj7j9vcxhp,0,1,HTZ,query,0,1,dry,,2026-08-05T00:08:21
58fpkr725q7rp,0,1,HTZ,dml,0,0,dry,blocked_dry,2026-08-05T00:08:21
9btc6b2hypw6a,0,1,HTZ,query,0,0,dry,,2026-08-05T00:08:21
buq5yp6tubnf8,0,1,HTZ,query,0,0,dry,,2026-08-05T00:08:21
bwu82wrzdwrzw,0,1,HTZ,query,0,0,dry,,2026-08-05T00:08:21
dxwb3xzzahpqc,0,1,HTZ,query,0,0,dry,,2026-08-05T00:08:21
9btc6b2hypw6a,0,1,HTZ,query,0,2,1,,2026-08-05T00:08:21
bwu82wrzdwrzw,0,1,HTZ,query,0,2,1,,2026-08-05T00:08:21
bwu82wrzdwrzw,0,1,HTZ,query,0,2,1,,2026-08-05T00:08:21
9btc6b2hypw6a,0,1,HTZ,query,0,1,1,,2026-08-05T00:08:21
9btc6b2hypw6a,0,1,HTZ,query,0,2,1,,2026-08-05T00:08:23
9btc6b2hypw6a,0,1,HTZ,query,0,0,dry,,2026-08-05T00:08:30
bwu82wrzdwrzw,0,1,HTZ,query,0,2,1,,2026-08-05T00:10:59
9btc6b2hypw6a,0,1,HTZ,query,0,2,1,,2026-08-05T00:10:59
9btc6b2hypw6a,0,1,HTZ,query,0,2,1,,2026-08-05T00:10:59
9btc6b2hypw6a,0,1,HTZ,query,0,1,1,,2026-08-05T00:10:59
9btc6b2hypw6a,0,1,HTZ,query,0,1,1,,2026-08-05T00:10:59
58fpkr725q7rp,0,1,HTZ,dml,1,1,,blocked,2026-08-05T00:10:59
58fpkr725q7rp,0,1,HTZ,dml,0,2,1,,2026-08-05T00:10:59
9btc6b2hypw6a,0,1,HTZ,query,0,0,dry,,2026-08-05T00:11:00
bwu82wrzdwrzw,0,1,HTZ,query,0,0,dry,,2026-08-05T00:11:00
9btc6b2hypw6a,0,1,HTZ,query,0,2,1,,2026-08-05T00:11:00
58fpkr725q7rp,0,1,HTZ,dml,1,1,,blocked,2026-08-05T00:11:00
58fpkr725q7rp,0,1,HTZ,dml,0,4,1,,2026-08-05T00:11:00
00g88gb47bcz6,0,1,HTZ,query,0,0,dry,,2026-08-05T00:11:01
01dgdmsycantr,0,1,HTZ,query,0,1,dry,,2026-08-05T00:11:01
033g0vr74j49t,0,1,HTZ,query,0,0,dry,,2026-08-05T00:11:01
042238fmrbfa6,0,1,HTZ,query,0,1,dry,,2026-08-05T00:11:01
04vfkrajpkrnj,0,1,HTZ,query,0,0,dry,,2026-08-05T00:11:01
052ds5wj2pam7,0,1,HTZ,query,0,0,dry,,2026-08-05T00:11:01
05dnyf0k7cttj,0,1,HTZ,query,0,0,dry,,2026-08-05T00:11:01
087wp5amfwh1n,0,1,HTZ,query,0,0,dry,,2026-08-05T00:11:01
0934v7nwr5ux5,0,1,HTZ,query,0,0,dry,,2026-08-05T00:11:01
0970bxxhucvb5,0,1,HTZ,query,0,0,dry,,2026-08-05T00:11:01
4rzuj7j9vcxhp,0,1,HTZ,query,0,0,dry,,2026-08-05T00:11:01
58fpkr725q7rp,0,1,HTZ,dml,0,0,dry,blocked_dry,2026-08-05T00:11:01
9btc6b2hypw6a,0,1,HTZ,query,0,1,dry,,2026-08-05T00:11:01
buq5yp6tubnf8,0,1,HTZ,query,0,0,dry,,2026-08-05T00:11:01
bwu82wrzdwrzw,0,1,HTZ,query,0,0,dry,,2026-08-05T00:11:01
dxwb3xzzahpqc,0,1,HTZ,query,0,1,dry,,2026-08-05T00:11:01
9btc6b2hypw6a,0,1,HTZ,query,0,2,1,,2026-08-05T00:11:01
8j2wvuh066drs,0,1,HTZ,query,0,9,1,,2026-08-05T00:11:06
8z035ha5nvt74,0,1,SCMAP1,query,0,2,1,,2026-08-05T00:11:09
6ckjzurd71jx4,0,1,SCMAP3,query,0,2,1,,2026-08-05T00:11:09
f00nc27v11f3d,0,1,SCMAP2,query,0,2,1,,2026-08-05T00:11:09
9btc6b2hypw6a,0,1,HTZ,query,0,1,dry,,2026-08-05T00:11:10
9btc6b2hypw6a,0,1,HTZ,query,0,1,dry,,2026-08-05T00:11:10
9btc6b2hypw6a,0,1,HTZ,query,0,1,dry,,2026-08-05T00:11:11
9btc6b2hypw6a,0,1,HTZ,query,0,1,dry,,2026-08-05T00:11:11
9btc6b2hypw6a,0,1,HTZ,query,0,0,dry,,2026-08-05T00:11:25
9btc6b2hypw6a,0,1,HTZ,query,0,1,dry,,2026-08-05T00:11:25
9btc6b2hypw6a,0,1,HTZ,query,0,0,dry,,2026-08-05T00:11:26
9btc6b2hypw6a,0,1,HTZ,query,0,0,dry,,2026-08-05T00:11:26
9btc6b2hypw6a,0,1,HTZ,query,0,0,dry,,2026-08-05T00:11:26
9btc6b2hypw6a,0,1,HTZ,query,0,0,dry,,2026-08-05T00:11:27
00g88gb47bcz6,0,1,HTZ,query,0,1,dry,,2026-08-05T00:11:27
01dgdmsycantr,0,1,HTZ,query,0,1,dry,,2026-08-05T00:11:27
033g0vr74j49t,0,1,HTZ,query,0,1,dry,,2026-08-05T00:11:27
042238fmrbfa6,0,1,HTZ,query,0,1,dry,,2026-08-05T00:11:27
04vfkrajpkrnj,0,1,HTZ,query,0,0,dry,,2026-08-05T00:11:27
052ds5wj2pam7,0,1,HTZ,query,0,0,dry,,2026-08-05T00:11:27
05dnyf0k7cttj,0,1,HTZ,query,0,0,dry,,2026-08-05T00:11:27
087wp5amfwh1n,0,1,HTZ,query,0,1,dry,,2026-08-05T00:11:27
0934v7nwr5ux5,0,1,HTZ,query,0,0,dry,,2026-08-05T00:11:27
0970bxxhucvb5,0,1,HTZ,query,0,0,dry,,2026-08-05T00:11:27
4rzuj7j9vcxhp,0,1,HTZ,query,0,0,dry,,2026-08-05T00:11:27
58fpkr725q7rp,0,1,HTZ,dml,0,0,dry,blocked_dry,2026-08-05T00:11:27
9btc6b2hypw6a,0,1,HTZ,query,0,0,dry,,2026-08-05T00:11:27
buq5yp6tubnf8,0,1,HTZ,query,0,0,dry,,2026-08-05T00:11:27
bwu82wrzdwrzw,0,1,HTZ,query,0,0,dry,,2026-08-05T00:11:27
dxwb3xzzahpqc,0,1,HTZ,query,0,0,dry,,2026-08-05T00:11:27
9btc6b2hypw6a,0,1,HTZ,query,0,2,1,,2026-08-05T00:11:28
bwu82wrzdwrzw,0,1,HTZ,query,0,2,1,,2026-08-05T00:11:28
bwu82wrzdwrzw,0,1,HTZ,query,0,2,1,,2026-08-05T00:11:28
9btc6b2hypw6a,0,1,HTZ,query,0,1,1,,2026-08-05T00:11:28
9btc6b2hypw6a,0,1,HTZ,query,0,2,1,,2026-08-05T00:11:30
9btc6b2hypw6a,0,1,HTZ,query,0,1,dry,,2026-08-05T00:11:37
